event_id,date,time
usp000gyu4,2009-07-01,13:44:43.380000
usp000gyxs,2009-07-04,12:24:43.460000
usp000gz1d,2009-07-08,10:22:11.430000
usp000h1sz,2009-09-23,03:45:59.900000
usp000hab0,2010-04-04,09:19:14
usp000hgny,2010-07-24,09:15:44
usp000hj7k,2010-08-15,04:38:47
usp000hjhz,2010-08-21,03:16:22
usp000hng7,2010-10-24,08:12:44.510000
usp000hqs4,2010-12-10,21:26:32.790000
usp000hrxd,2010-12-25,18:32:31
usp000hxng,2011-03-17,10:53:09.510000
usp000hz5p,2011-04-02,23:10:13
usp000j15a,2011-05-07,06:45:10.800000
usp000j1a5,2011-05-10,08:19:59.270000
usp000j7b5,2011-08-31,17:36:02.670000
usp000j7kq,2011-09-04,13:21:59.290000
usp000j8js,2011-09-26,01:06:10.840000
usp000jryp,2012-09-08,00:58:27.170000
usp000jsc2,2012-09-15,09:51:16.660000
usp000jthp,2012-10-04,18:27:47.490000
usp000jucw,2012-10-24,08:20:15.230000
usp000juf3,2012-10-26,04:34:58.460000
usp000jv24,2012-11-05,06:19:11
ld60024003,2013-02-19,09:53:05.200000
ld60024103,2013-02-20,09:39:05.800000
ld60038401,2013-02-26,10:31:36
ld60024403,2013-03-07,23:12:07.100000
ld60024703,2013-03-14,00:01:54.200000
ld60024803,2013-03-17,21:34:40.800000
us2013ngal,2013-03-27,09:10:49.900000
ld60025903,2013-04-21,01:01:01.700000
ld60026208,2013-05-02,09:53:37
ld60026708,2013-05-16,14:13:34.200000
ld60044081,2013-07-16,03:58:11.400000
4310521,2013-02-19,17:24:55
usp0000gyg,1976-06-19,05:54:13.900000
se072013a,2013-07-20,11:38:46.200000
ld60028803,2013-07-20,23:05:08.100000
se073013a,2013-07-30,06:09:04.800000
se081613a,2013-08-16,11:02:21
ld60047501,2013-08-25,13:33:15.100000
ld60047561,2013-08-27,04:40:15.400000
ld60030208,2013-09-10,03:28:30.400000
usb000kbcn,2013-10-11,02:25:40.800000
se101913a,2013-10-19,08:41:57.400000
ld60031608,2013-11-10,02:32:23.200000
ld60054666,2014-01-09,02:02:39.700000
ld60033303,2014-02-06,03:19:24.600000
ld60063426,2014-02-07,15:45:06.510000
ld60065706,2014-03-24,01:26:02.960000
ld60065831,2014-04-01,21:26:39.780000
ld60034903,2014-04-13,10:27:15.290000
ld60035403,2014-05-12,03:44:35.810000
ld60069171,2014-05-31,09:28:36.230000
usc000rccm,2014-06-06,22:15:40.800000
ld60072806,2014-07-05,14:46:39.570000
ld60072861,2014-07-08,09:08:26.520000
ld60074281,2014-07-19,19:50:59.010000
ld60074876,2014-07-24,15:25:16.800000
ld60078011,2014-08-23,04:55:14.760000
ld60078511,2014-08-31,21:34:10.940000
ld60078891,2014-09-03,10:47:13.580000
ld60038803,2014-11-08,00:11:20.290000
ld60084066,2014-11-13,03:30:08.320000
ld60084601,2014-11-29,23:27:20.710000
ld60039103,2014-11-30,09:32:24.830000
ld60042808,2015-05-23,20:22:08.740000
4369548,2013-05-25,19:40:31
4815596,2014-06-09,16:58:19
4372707,2013-07-29,19:33:27
4374136,2013-09-10,22:30:25
4225371,2013-03-07,20:23:07
4310595,2013-02-26,21:31:12
usp0000quc,1977-09-28,17:21:44.700000
usp0000txk,1978-04-05,14:45:49.500000
usp0000u9r,1978-04-26,19:30:23.300000
usp000ea6t,2006-02-17,00:00:30.430000
usp000g042,2008-02-27,07:56:18
usp000jgne,2012-03-23,02:37:22.090000
ld60041203,2015-01-25,23:25:10.360000
ld60096111,2015-07-12,04:05:55.340000
ld60084261,2014-11-20,07:18:32.490000
usp0007s23,1996-10-28,06:59:38.940000
usp000fa43,2007-04-20,01:42:11.950000
ld60093131,2015-05-27,03:56:13
ld60043003,2015-06-01,08:31:29.010000
ld60096256,2015-07-13,19:27:27.120000
ld60097401,2015-07-27,15:25:07.770000
ld60098866,2015-08-14,02:16:21.210000
ld60100581,2015-08-22,19:16:58.650000
4310999,2013-04-19,01:27:01
usp0000bd0,1975-06-09,18:39:23.300000
4766676,2014-03-05,21:16:34
4371887,2013-08-08,13:13:36
4223501,2013-01-19,21:04:56
4766866,2014-03-19,16:03:17
4369356,2013-05-17,20:00:18
4369414,2013-05-20,20:33:19
4094794,2012-06-14,21:17:34
4309659,2012-11-30,17:05:41
usp0000c1u,1975-07-19,20:59:32.200000
usp0000d97,1975-10-24,07:43:12.400000
usp0001eh9,1981-07-04,23:19:17.500000
usp0001ehw,1981-07-05,21:47:23.900000
usp000310x,1986-12-20,13:15:31.040000
usp00036be,1987-07-05,02:37:09.300000
usp00036mg,1987-07-13,05:49:17.430000
usp00036pe,1987-07-16,04:49:40
usp0005shd,1993-05-10,09:15:08.600000
usp0005sk2,1993-05-11,02:36:16.200000
usp0005sk3,1993-05-11,02:41:47.600000
usp00083k3,1997-06-16,05:43:16.630000
usp00084ng,1997-07-10,13:57:51
usp00085m9,1997-07-31,07:15:29.720000
usp00088x1,1997-10-12,08:28:22.350000
usp0008902,1997-10-13,23:06:40.210000
usp0008vh3,1998-09-25,19:52:52.070000
usp000945g,1999-03-09,12:07:05
usp0009rd3,2000-04-16,18:59:12.990000
usp0009rkd,2000-04-20,08:46:55.470000
usp0009yy7,2000-08-22,05:45:14
usp000ea6r,2006-02-16,23:43:22.900000
usp000eepu,2006-04-16,17:29:12.350000
usp000euv8,2006-10-10,06:20:28.720000
usp000drys,2005-05-31,13:49:05.300000
usp000e38n,2005-10-31,23:59:29.950000
usp000e5u6,2005-12-09,03:35:46.650000
usp000e7xf,2006-01-09,15:35:39.950000
4225344,2013-03-05,22:28:50
3372376,2011-07-22,23:02:39
usp00036mh,1987-07-13,07:52:12
usp00036mn,1987-07-13,13:05:22
usp00036nf,1987-07-14,14:51:10
4369310,2013-05-15,19:53:56
usp000a1aw,2000-10-05,23:33:56.380000
usp000a1br,2000-10-06,13:59:04
usp000c97z,2003-10-01,08:07:57.400000
usp000ajhr,2001-07-14,20:08:29.390000
usp000arqa,2001-10-27,05:42:20.950000
usp000azmy,2002-03-05,01:33:52
usp000b2u2,2002-04-20,10:50:47.500000
usp000b2u3,2002-04-20,11:04:42.400000
usp000b2u4,2002-04-20,11:08:26
4808482,2014-05-13,00:13:31
usp000h74j,2010-02-10,01:17:31.070000
usp000h37g,2009-10-21,01:32:43.220000
usp000h3d2,2009-10-25,11:16:13.750000
usp000h3d3,2009-10-25,11:21:57.900000
4766967,2014-03-25,18:02:11
usp000h50u,2009-12-13,21:10:48.810000
usp000h50y,2009-12-13,22:00:50.540000
usp000h574,2009-12-20,05:36:12.200000
usp000h58m,2009-12-21,23:26:31.290000
usp000h6v3,2010-02-01,17:18:06.700000
usp000h7b2,2010-02-15,08:46:25.700000
usp000h7dw,2010-02-18,07:32:55.900000
usp000h9x6,2010-03-24,02:25:40
4225430,2013-03-11,21:01:41
4815624,2014-06-11,20:39:26
4369514,2013-05-24,16:26:46
ld60042903,2015-05-25,07:17:43.520000
ld60084971,2014-12-13,12:13:36.690000
ld60040103,2014-12-23,11:40:02.470000
se610692,2014-12-28,12:40:32.400000
ld60085406,2014-12-28,14:19:18.160000
ld60085511,2014-12-31,20:38:07.590000
ld60085806,2015-01-11,15:54:57.820000
ld60086101,2015-01-19,16:35:14.690000
ld60086106,2015-01-19,19:39:10.990000
ld60087331,2015-02-26,01:11:46.470000
ld60087406,2015-03-02,00:54:24.010000
ld60088471,2015-03-27,20:19:44.180000
ld60089306,2015-04-08,14:27:17.640000
ld60089966,2015-04-17,00:53:48.320000
ld60091441,2015-05-08,01:47:17.190000
ld60042703,2015-05-18,23:08:25.880000
ld60092906,2015-05-23,20:21:59.300000
5005268,2014-09-08,16:23:16
5007448,2014-10-01,20:11:02
5007491,2014-10-07,18:46:32
5007504,2014-10-09,14:33:47
5007507,2014-10-09,20:07:24
5007526,2014-10-13,18:55:14
usp0000vcp,1978-06-30,20:13:43.600000
usp000g1gx,2008-03-15,01:18:44
4766937,2014-03-22,22:33:45
4223486,2013-01-18,21:21:32
4223560,2013-01-23,21:39:03
4225494,2013-03-15,21:14:01
4310968,2013-04-17,15:50:33
4369614,2013-05-31,15:14:44
4813106,2014-04-29,17:00:02
4766981,2014-03-26,20:25:35
4808381,2014-05-02,17:26:41
4223538,2013-01-22,21:58:44
4223555,2013-01-23,21:04:30
4213040,2012-07-27,21:53:44
4820748,2014-07-22,15:35:03
4820582,2014-07-07,21:25:42
4374037,2013-09-04,21:48:20
4820598,2014-07-08,21:13:12
5005221,2014-09-03,19:59:52
5005409,2014-09-18,19:16:25
usp0000vcq,1978-06-30,22:39:49.700000
usp0000vkq,1978-07-16,06:39:37.800000
usp0000w56,1978-08-21,08:47:10.900000
usp0000ww6,1978-10-06,19:25:41.600000
4372556,2013-07-12,22:12:39
4372452,2013-07-04,19:53:09
4372580,2013-07-15,21:34:21
4372531,2013-07-11,16:37:57
4374361,2013-09-23,20:47:51
5111751,2015-01-22,20:50:35
usp0000yn5,1979-01-29,06:35:46.200000
usp0000ynj,1979-01-30,16:30:52.100000
4374090,2013-09-07,20:52:09
4488583,2013-10-17,16:07:02
4488652,2013-10-22,19:57:00
usp0000yz8,1979-02-23,10:23:57.200000
usp00013xp,1979-11-09,21:29:59.100000
5113619,2015-02-27,20:48:10
usp00014sp,1979-12-30,14:15:11.600000
4813091,2014-04-25,20:54:14
usp000151t,1980-01-17,10:13:16.100000
usp00015um,1980-03-05,17:06:54.500000
usp00015yh,1980-03-11,06:00:26
4374455,2013-09-28,22:44:24
5115005,2015-03-21,17:54:53
4808558,2014-05-20,21:44:47
5006097,2014-08-05,20:15:18
4372512,2013-07-10,16:42:17
5005367,2014-09-15,19:50:11
4815672,2014-06-18,16:17:56
5110275,2014-11-06,19:50:45
4820523,2014-07-01,19:00:02
4820574,2014-07-07,16:46:10
5110346,2014-11-13,14:59:33
4820847,2014-07-31,15:09:28
usp0001h3y,1981-11-23,13:14:50.990000
usp0001yuv,1983-10-07,10:18:46.150000
4487878,2013-11-02,15:38:45
5115002,2015-03-20,20:17:42
5007462,2014-10-03,16:42:34
4217775,2012-09-24,21:18:23
4223528,2013-01-22,14:08:20
4372033,2013-08-16,19:24:32
4766657,2014-03-04,21:25:32
4371971,2013-08-13,21:50:57
5006208,2014-08-19,18:48:07
4813013,2014-04-14,18:54:51
4813056,2014-04-21,20:11:10
4813068,2014-04-23,18:48:45
4219251,2012-10-30,22:06:22
4223554,2013-01-23,21:02:06
usp00066h6,1994-01-16,01:49:16.210000
usp00066hb,1994-01-16,05:14:32.300000
usp00066s2,1994-01-18,01:43:31.810000
usp0006c78,1994-05-07,05:31:35.970000
usp0006crb,1994-05-18,05:18:55
4370051,2013-06-29,15:39:19
4310565,2013-02-23,19:16:25
4310566,2013-02-23,19:54:27
4225399,2013-03-09,18:44:33
4225406,2013-03-09,21:01:39
4225508,2013-03-16,13:56:31
4223602,2013-01-25,22:04:56
4223630,2013-01-28,21:40:14
4369858,2013-06-12,16:46:29
4369291,2013-05-14,20:05:39
4369307,2013-05-15,16:46:49
4369313,2013-05-15,20:39:50
4369336,2013-05-16,21:36:34
4369361,2013-05-17,20:45:05
4371933,2013-08-10,17:49:19
4372054,2013-08-17,17:32:43
4311114,2013-04-29,14:31:45
4311127,2013-04-29,19:55:33
4488753,2013-10-31,15:50:03
4766624,2014-03-01,17:22:37
4488758,2013-10-31,18:42:40
4487855,2013-11-01,14:24:57
4487909,2013-11-04,21:04:31
4488015,2013-11-12,16:20:55
4488045,2013-11-14,17:03:44
4488072,2013-11-15,22:00:39
4812972,2014-04-09,17:40:04
4766626,2014-03-01,18:21:08
4808397,2014-05-03,17:50:47
4374212,2013-09-14,17:40:21
4815584,2014-06-07,20:36:11
4813021,2014-04-15,19:55:41
4813028,2014-04-16,17:50:25
4808376,2014-05-02,15:45:12
4808380,2014-05-02,17:21:11
4212980,2012-07-21,18:42:08
4369378,2013-05-18,16:52:04
5110442,2014-11-22,17:30:14
4225515,2013-03-16,18:17:33
4311011,2013-04-20,11:57:37
4311100,2013-04-27,14:12:05
4225567,2013-03-20,20:18:59
4488391,2013-10-04,20:38:16
4808583,2014-05-23,18:02:30
4372113,2013-08-20,22:20:01
4374074,2013-09-06,21:09:56
5005312,2014-09-11,22:38:46
4374116,2013-09-09,21:32:11
4599455,2013-12-10,19:32:40
4599469,2013-12-12,15:20:32
4372061,2013-08-17,22:42:06
4094911,2012-06-23,12:25:49
4599470,2013-12-12,18:04:22
ld60036003,2014-06-03,08:29:12.280000
5111683,2015-01-13,21:15:50
4310550,2013-02-21,23:12:44
4599524,2013-12-18,15:36:51
4599538,2013-12-19,21:22:41
4310559,2013-02-22,21:43:20
4225377,2013-03-07,22:00:12
4310609,2013-02-27,20:23:48
4221054,2012-12-19,21:32:05
4225431,2013-03-11,21:09:26
4225538,2013-03-18,21:12:22
4599549,2013-12-20,21:36:42
4217652,2012-09-10,20:14:26
4369911,2013-06-18,16:53:13
4767015,2014-03-28,20:05:59
5115020,2015-03-25,20:01:32
5153967,2015-05-22,17:16:24
4820691,2014-07-16,20:59:24
4820784,2014-07-25,16:29:12
4374405,2013-09-25,20:59:45
4374420,2013-09-26,17:31:04
4815657,2014-06-16,21:13:00
4310476,2013-02-15,20:09:45
4310562,2013-02-22,22:13:10
4369781,2013-06-05,20:36:11
4371761,2013-08-01,19:57:57
4371906,2013-08-08,20:53:45
4310444,2013-02-13,20:18:41
4310453,2013-02-14,15:43:58
5005240,2014-09-05,15:29:50
5005265,2014-09-08,15:47:18
4638460,2014-01-21,22:09:38
4766652,2014-03-04,19:27:26
4488018,2013-11-12,19:37:16
5111698,2015-01-15,20:44:55
5111714,2015-01-19,17:32:29
4310381,2013-02-07,22:14:29
4310378,2013-02-07,21:44:25
5111712,2015-01-17,20:58:19
4310400,2013-02-09,18:49:03
5110414,2014-11-19,20:48:09
4310393,2013-02-08,21:26:51
4213014,2012-07-25,20:22:37
4213038,2012-07-27,20:48:31
4213775,2012-08-08,15:50:29
4214020,2012-08-27,20:12:26
4310396,2013-02-08,23:35:13
usp00017zn,1980-06-06,13:15:52
4217809,2012-09-27,18:58:28
usp0001ap5,1980-11-05,21:48:14.700000
4374428,2013-09-27,13:38:44
4094636,2012-06-04,20:05:54
4225274,2013-03-01,20:39:41
4767699,2014-02-03,20:24:42
4638533,2014-01-28,16:09:59
4218994,2012-10-05,18:35:14
4767771,2014-02-12,21:22:39
usp0001eh8,1981-07-04,23:16:33
usp000gjf0,2008-10-05,22:36:48.140000
usp0001ejz,1981-07-07,23:59:59.750000
usp0001kpb,1982-04-12,22:14:31.050000
usp0001pbm,1982-08-31,10:16:58.180000
usp0001tbn,1983-02-26,19:59:35.450000
usp0001xr6,1983-08-17,14:03:15.020000
usp0001yuw,1983-10-07,10:39:38.550000
usp0001yux,1983-10-07,10:59:03.850000
usp0001yxk,1983-10-12,02:17:06.310000
usp00020en,1983-12-12,05:15:09.500000
usp00020pq,1983-12-21,15:04:44
usp00021d2,1984-01-19,23:03:34.060000
usp00023nz,1984-04-19,04:54:58.380000
usp00023tg,1984-04-23,01:36:00.170000
usp00026jj,1984-08-20,10:58:16.680000
usp00028dt,1984-10-23,06:26:21.530000
4638535,2014-01-28,20:55:44
4813090,2014-04-25,19:42:10
4813114,2014-04-30,19:19:11
5006090,2014-08-04,18:41:34
5006100,2014-08-06,16:00:35
5007456,2014-10-02,20:50:51
4638527,2014-01-27,21:03:51
4638452,2014-01-21,19:17:40
4766677,2014-03-05,21:42:09
4766764,2014-03-11,20:46:52
4766773,2014-03-12,17:06:49
4766832,2014-03-17,14:12:17
4487908,2013-11-04,20:15:43
4812969,2014-04-08,20:46:30
4767891,2014-02-28,17:23:09
4808552,2014-05-20,20:06:45
4815544,2014-06-03,16:41:46
4815560,2014-06-05,15:33:01
4815564,2014-06-05,20:30:50
4815609,2014-06-10,17:52:16
4820576,2014-07-07,18:58:10
4820577,2014-07-07,19:09:31
4213919,2012-08-21,20:35:09
4309549,2012-11-15,20:17:36
usp0002kxt,1985-10-19,10:07:40.300000
usp0002kzz,1985-10-21,10:37:15
usp0002m9v,1985-10-30,03:42:48.690000
usp0002mcq,1985-11-01,23:33:39
usp0002psa,1986-01-05,03:35:56.400000
usp0002saf,1986-03-26,16:36:23.900000
usp0002t3q,1986-04-22,07:28:23.760000
usp0002ter,1986-05-02,13:53:52.620000
usp000bvkj,2003-04-20,12:24:43.790000
usp0002x3n,1986-08-13,04:55:18.400000
usp0002x3p,1986-08-13,05:06:30.950000
usp0002x3v,1986-08-13,10:29:24.700000
usp00030be,1986-11-23,21:29:38.830000
4820592,2014-07-08,19:39:05
4815705,2014-06-20,16:57:08
4372494,2013-07-09,12:13:08
4815774,2014-06-27,17:30:34
4310297,2013-02-01,21:47:24
4310324,2013-02-04,21:02:19
4310350,2013-02-06,16:32:15
4310357,2013-02-06,21:00:17
4310358,2013-02-06,21:04:56
usp00038r8,1987-09-26,17:44:06.970000
usp0003jta,1988-08-09,13:57:26.980000
usp000447m,1990-01-13,20:47:55.330000
usp0004j8f,1990-12-17,07:22:48.500000
usp0004q85,1991-04-12,11:12:11.620000
usp0004qn8,1991-04-22,01:01:20.270000
usp0004t2k,1991-06-17,08:53:16.740000
usp0004thc,1991-06-28,18:34:51.920000
usp0004tt6,1991-07-05,01:47:36.700000
usp0004x5n,1991-09-28,11:27:34.870000
usp0004x6w,1991-09-29,12:21:35
usp0004yhu,1991-10-28,20:58:26.100000
usp00051k3,1992-01-09,08:50:45.220000
usp00051u7,1992-01-15,17:16:27.800000
usp0005nqk,1993-02-26,21:13:33.810000
usp0005sk4,1993-05-11,02:42:32.500000
usp0005sk5,1993-05-11,02:43:57.400000
usp0005t0y,1993-05-18,09:45:24.390000
4310412,2013-02-11,16:52:51
4225334,2013-03-05,18:11:28
4225357,2013-03-06,21:40:09
4225366,2013-03-07,17:40:53
4225373,2013-03-07,20:57:11
4369063,2013-05-01,16:06:04
4369210,2013-05-09,20:41:16
4369212,2013-05-09,21:18:22
5005259,2014-09-06,18:01:30
5005253,2014-09-06,16:41:38
4369066,2013-05-01,19:11:50
4369179,2013-05-08,16:21:27
4369180,2013-05-08,16:54:10
4369205,2013-05-09,19:27:13
4369275,2013-05-13,20:04:52
4369482,2013-05-23,20:30:58
4369566,2013-05-28,11:00:51
4369578,2013-05-28,21:30:37
4369846,2013-06-11,15:04:31
4371872,2013-08-07,16:27:33
4371922,2013-08-09,21:01:58
usp0005xq1,1993-07-30,22:30:54
usp00063sg,1993-11-16,09:31:44.200000
usp00066h5,1994-01-16,00:42:43.200000
usp0006r0z,1995-01-08,05:08:02.900000
usp0006rqp,1995-01-22,08:24:48.700000
usp0006tqg,1995-03-02,05:33:51.420000
usp0006y0t,1995-05-25,14:22:32.690000
4371953,2013-08-12,20:03:45
4372160,2013-08-23,18:17:33
4372221,2013-08-27,19:10:25
4372233,2013-08-28,15:55:38
4372252,2013-08-29,19:08:28
4374022,2013-09-04,17:10:44
4374242,2013-09-17,20:12:43
4488366,2013-10-02,16:19:45
5111649,2015-01-08,20:27:54
4488474,2013-10-10,13:33:25
4488638,2013-10-21,18:52:46
4488684,2013-10-25,19:16:33
4488713,2013-10-28,16:38:43
4488735,2013-10-29,21:20:19
5110228,2014-11-01,20:13:24
4488740,2013-10-30,19:13:12
4488149,2013-11-21,20:02:08
4488153,2013-11-21,21:37:37
4599376,2013-12-03,18:30:02
4599403,2013-12-05,13:20:31
4599454,2013-12-10,15:13:40
4599473,2013-12-12,18:58:18
4599508,2013-12-16,16:42:40
4372622,2013-07-18,22:15:07
4372000,2013-08-15,16:51:20
4599520,2013-12-17,21:08:49
5114944,2015-03-09,15:57:37
usp00073rq,1995-09-21,23:03:27
usp0007mf4,1996-07-23,01:19:59.970000
usp0007rjb,1996-10-17,11:43:27.980000
usp000a31y,2000-11-06,12:16:36.700000
usp000a7vu,2001-01-17,12:34:22.600000
usp000a811,2001-01-20,02:05:07.540000
4638466,2014-01-22,12:59:03
4638476,2014-01-23,13:48:42
4638478,2014-01-23,16:57:13
4638552,2014-01-29,21:33:05
4638564,2014-01-30,20:01:31
4767839,2014-02-21,17:54:33
4767842,2014-02-21,21:37:24
4766689,2014-03-06,21:51:14
4766690,2014-03-06,22:13:24
4766765,2014-03-11,20:49:45
4766796,2014-03-13,20:24:56
4766860,2014-03-18,21:21:10
4766873,2014-03-19,20:52:31
4767042,2014-03-31,19:05:10
4812917,2014-04-02,14:16:48
4812961,2014-04-07,18:11:04
4371986,2013-08-14,20:37:43
5114989,2015-03-18,16:00:05
4808438,2014-05-08,16:07:52
4808444,2014-05-08,20:19:34
4808455,2014-05-09,15:54:50
4808469,2014-05-12,15:20:48
4808488,2014-05-13,18:03:33
4374158,2013-09-11,21:57:44
4808495,2014-05-14,16:41:21
4808556,2014-05-20,20:49:23
4808610,2014-05-27,17:42:37
4808623,2014-05-28,20:26:35
usp000a8dr,2001-01-26,03:03:20.060000
usp000ac4n,2001-03-28,11:19:24.600000
usp000ag00,2001-06-03,22:36:46.460000
usp000b2u9,2002-04-20,11:45:28.700000
usp000b4x4,2002-05-24,23:46:00.400000
usp000b6wq,2002-06-25,13:40:28.100000
usp000bmdm,2002-12-25,18:25:19
usp000buqg,2003-04-08,15:06:14.400000
usp000c2ph,2003-07-17,00:44:10
usp000c5zy,2003-08-26,18:24:18.400000
usp000c62z,2003-08-27,19:55:39
usp000cq6p,2004-03-17,22:01:58.200000
usp000cqme,2004-03-22,15:21:39
usp000d3gd,2004-09-04,02:05:32.040000
usp000d6ca,2004-10-14,09:36:02.400000
usp000dhd7,2005-03-03,02:22:01
4815540,2014-06-02,19:24:22
4820586,2014-07-08,15:47:16
4820608,2014-07-09,20:00:22
4820626,2014-07-10,20:25:28
4820642,2014-07-11,17:23:10
4820693,2014-07-16,21:40:14
4820823,2014-07-29,17:30:23
4820834,2014-07-30,16:55:26
4820841,2014-07-30,20:58:41
5006156,2014-08-13,15:06:01
5111755,2015-01-22,21:27:03
5006171,2014-08-14,18:57:03
5006179,2014-08-15,15:44:30
5006222,2014-08-20,22:30:32
5006229,2014-08-21,21:34:03
5006232,2014-08-22,15:50:54
5006252,2014-08-25,16:20:04
5006260,2014-08-26,20:09:55
5006271,2014-08-28,15:56:17
5006277,2014-08-29,13:58:48
usp000eeqn,2006-04-17,01:27:03.620000
usp000ewg9,2006-11-02,17:53:02.110000
usp000f05f,2006-12-13,19:07:52.900000
usp000f1ma,2007-01-03,09:08:31.600000
5005199,2014-09-02,15:36:13
5005206,2014-09-02,19:25:13
5005271,2014-09-08,20:13:27
5005278,2014-09-09,17:26:20
5005298,2014-09-10,21:34:51
5005319,2014-09-12,16:18:13
5005378,2014-09-16,16:36:05
5005397,2014-09-17,20:16:54
5005405,2014-09-18,16:03:26
5005452,2014-09-24,16:38:08
5005493,2014-09-29,15:47:56
5005512,2014-09-30,16:40:04
5007469,2014-10-03,21:33:56
5007475,2014-10-06,11:52:53
4220914,2012-12-06,21:40:24
4225639,2013-03-25,18:25:56
4225709,2013-03-29,17:00:59
4310817,2013-04-04,18:53:10
4310896,2013-04-10,21:50:48
4374063,2013-09-06,16:11:01
4374310,2013-09-20,18:04:11
4374431,2013-09-27,17:30:45
4374466,2013-09-30,15:54:40
4221064,2012-12-20,21:16:13
4310340,2013-02-05,21:21:52
4310362,2013-02-06,22:06:41
4820728,2014-07-18,21:33:02
4369348,2013-05-17,16:19:53
4767713,2014-02-05,20:57:51
5115021,2015-03-26,15:01:25
4310814,2013-04-03,21:10:33
4369206,2013-05-09,19:58:08
4371977,2013-08-14,11:00:29
usp000f32v,2007-01-20,17:20:00.870000
usp000f6fp,2007-03-11,02:33:13.270000
4371980,2013-08-14,16:57:11
4488587,2013-10-17,19:19:42
4374188,2013-09-13,16:25:51
4374169,2013-09-12,18:15:11
4374202,2013-09-13,22:02:47
5153940,2015-05-14,16:40:48
5005202,2014-09-02,16:46:26
4488462,2013-10-09,19:33:35
4488100,2013-11-18,17:05:19
4309449,2012-11-01,20:49:45
4220964,2012-12-11,21:45:35
4221020,2012-12-17,21:06:20
4638420,2014-01-17,21:49:59
4218973,2012-10-03,21:41:24
4218974,2012-10-03,21:42:30
4219042,2012-10-09,21:02:31
4219161,2012-10-22,18:54:43
4219244,2012-10-29,20:24:01
4309456,2012-11-02,19:27:24
4309492,2012-11-06,21:32:11
4220926,2012-12-07,21:30:03
4599578,2013-12-27,18:20:59
4220924,2012-12-07,21:08:16
5110465,2014-11-25,20:53:46
4638351,2014-01-10,17:46:59
4638383,2014-01-14,18:26:12
4638395,2014-01-15,20:02:34
4221131,2012-12-28,21:05:48
4221101,2012-12-26,21:18:36
4221159,2012-12-31,16:02:41
4223383,2013-01-11,12:51:59
4223366,2013-01-09,22:08:54
4223434,2013-01-15,21:44:05
4310337,2013-02-05,20:17:49
4310338,2013-02-05,20:58:33
4310339,2013-02-05,21:00:44
4310372,2013-02-07,19:17:23
usp00000s4,1973-02-28,08:21:32.300000
usp00002qn,1973-07-15,10:32:37.700000
usp00005q5,1974-03-23,09:46:33.800000
usp0000644,1974-04-27,14:45:39.100000
usp00006jz,1974-05-30,21:28:37.200000
usp00006p4,1974-06-07,19:45:36.800000
usp00008g9,1974-10-20,15:13:55.100000
usp000f9db,2007-04-11,02:32:17.480000
4767828,2014-02-19,23:03:02
4766642,2014-03-03,19:33:38
4766653,2014-03-04,20:09:28
4766810,2014-03-14,17:00:04
5005436,2014-09-22,15:33:15
4767791,2014-02-14,19:00:05
4767815,2014-02-18,15:57:12
4767822,2014-02-19,18:02:37
4225359,2013-03-06,22:17:32
4225376,2013-03-07,21:46:29
4767814,2014-02-18,15:55:46
4225580,2013-03-21,20:10:03
4225584,2013-03-21,21:06:30
5111789,2015-01-28,17:43:12
5111796,2015-01-29,16:27:58
5111806,2015-01-29,21:29:20
4820677,2014-07-15,19:57:45
4310620,2013-02-28,16:44:21
4766875,2014-03-19,21:07:32
4766948,2014-03-24,17:53:50
4766905,2014-03-21,17:59:05
4766963,2014-03-25,16:02:20
4310832,2013-04-05,20:03:52
4311132,2013-04-30,11:00:50
4225641,2013-03-25,19:51:06
usp000fbyb,2007-05-14,08:10:30
usp000fbzw,2007-05-15,04:19:54.260000
usp000fgz1,2007-07-24,00:48:57.260000
usp000g1vf,2008-03-20,17:25:45.510000
usp000gj49,2008-10-02,04:10:24.140000
4225666,2013-03-27,11:59:18
4369085,2013-05-02,19:58:45
4369068,2013-05-01,19:57:12
4369095,2013-05-03,11:00:38
4808365,2014-05-01,14:55:45
4808402,2014-05-05,18:48:55
4808557,2014-05-20,21:25:52
4808403,2014-05-05,19:14:42
4808435,2014-05-08,14:39:57
5005438,2014-09-22,17:34:32
4372715,2013-07-30,14:45:08
4372719,2013-07-30,18:59:27
4820833,2014-07-30,14:27:41
4820838,2014-07-30,19:46:41
4310626,2013-02-28,21:18:07
4219051,2012-10-10,20:33:47
4310586,2013-02-25,21:39:32
4310594,2013-02-26,20:58:23
4225329,2013-03-05,17:10:50
4223445,2013-01-16,17:52:10
4808572,2014-05-22,17:15:42
5110335,2014-11-12,17:20:39
4808609,2014-05-27,16:26:22
4372022,2013-08-16,15:57:37
4372162,2013-08-23,19:13:17
4808563,2014-05-21,16:30:00
4372017,2013-08-16,11:19:36
5005413,2014-09-18,20:51:32
4225282,2013-03-01,21:48:53
4374374,2013-09-24,14:52:37
4638493,2014-01-24,18:35:44
usp0000de4,1975-11-03,20:54:55.900000
4220886,2012-12-04,21:06:50
usp0000fdj,1976-03-11,21:07:20.600000
5153926,2015-05-08,16:22:36
5153932,2015-05-11,15:30:15
5153942,2015-05-14,17:33:40
5153952,2015-05-19,16:53:03
5153956,2015-05-20,17:09:58
5153957,2015-05-20,19:00:07
4213942,2012-08-23,15:47:49
4214097,2012-08-31,20:48:01
4217587,2012-09-04,21:26:44
4217618,2012-09-07,20:17:43
4217670,2012-09-12,18:23:26
5005387,2014-09-16,20:17:42
5005422,2014-09-19,20:15:29
5153976,2015-05-26,16:44:11
5153914,2015-05-05,14:14:40
4223529,2013-01-22,14:58:20
4223604,2013-01-25,22:37:33
4369409,2013-05-20,18:12:28
5006120,2014-08-08,16:46:57
5006257,2014-08-26,13:45:59
4369411,2013-05-20,19:56:26
5110401,2014-11-18,20:37:19
4225328,2013-03-05,16:37:56
5005443,2014-09-23,16:34:10
4369755,2013-06-04,15:20:09
4225541,2013-03-18,21:26:42
5111671,2015-01-12,21:46:45
4808639,2014-05-30,17:12:18
4369904,2013-06-17,20:14:53
4369940,2013-06-20,19:00:11
4219262,2012-10-31,20:43:42
4221124,2012-12-28,16:24:42
4223352,2013-01-08,22:03:30
4372604,2013-07-17,18:49:27
usp000gkjn,2008-10-19,08:22:07.400000
usp000gkjr,2008-10-19,08:58:31.770000
usp000gkjt,2008-10-19,09:17:34.810000
usp000gkmj,2008-10-20,02:16:02.430000
usp000gkvt,2008-10-23,15:55:32
usp000grke,2008-12-27,05:04:34.600000
4371859,2013-08-06,20:13:03
4371870,2013-08-07,11:02:02
4374069,2013-09-06,19:36:00
4225606,2013-03-22,22:25:41
5110237,2014-11-03,21:17:23
4371964,2013-08-13,19:58:24
4310976,2013-04-17,19:40:35
4372002,2013-08-15,18:18:40
4374119,2013-09-09,22:58:38
4374129,2013-09-10,19:19:33
4374247,2013-09-17,21:09:45
4374309,2013-09-20,17:52:45
4488505,2013-10-11,20:26:40
4488541,2013-10-14,18:01:01
4488662,2013-10-23,16:02:24
4488687,2013-10-25,20:08:51
4488738,2013-10-30,15:19:54
4488114,2013-11-19,18:44:56
4488035,2013-11-13,19:45:54
4488124,2013-11-20,15:00:52
4488145,2013-11-21,16:48:18
4488162,2013-11-22,18:22:49
4488164,2013-11-22,20:16:18
4599569,2013-12-24,17:05:51
4638571,2014-01-31,18:10:36
4766991,2014-03-27,16:19:27
5006274,2014-08-28,19:03:05
5006278,2014-08-29,15:19:16
5005324,2014-09-12,18:01:43
5007444,2014-10-01,17:43:26
5111753,2015-01-22,21:04:51
5111760,2015-01-23,19:28:56
5007460,2014-10-03,15:44:01
5007485,2014-10-07,11:31:19
5007505,2014-10-09,19:08:03
usp000j2aw,2011-05-28,01:33:53.460000
5115012,2015-03-24,15:17:26
4374268,2013-09-18,19:59:42
5153902,2015-05-01,14:06:18
5153906,2015-05-01,20:13:01
5153913,2015-05-04,20:26:21
5153974,2015-05-26,15:01:49
5153980,2015-05-28,17:06:32
5153986,2015-05-29,14:06:32
5006215,2014-08-20,14:47:52
5006235,2014-08-22,17:12:22
5114994,2015-03-19,18:19:19
4374434,2013-09-27,19:32:19
4488688,2013-10-25,20:32:03
4638575,2014-01-31,19:57:20
4815766,2014-06-26,21:20:11
4487956,2013-11-07,20:33:37
5007577,2014-10-22,21:08:42
5007603,2014-10-28,16:00:32
5007620,2014-10-30,15:15:23
5110277,2014-11-06,21:21:23
5110281,2014-11-07,14:57:22
5110287,2014-11-07,18:25:23
5110316,2014-11-10,22:01:10
5110372,2014-11-14,20:32:33
5110409,2014-11-19,15:01:21
5109396,2014-12-17,20:52:11
5111626,2015-01-02,17:09:56
5111670,2015-01-12,21:15:03
5111706,2015-01-16,21:00:47
5114987,2015-03-17,19:51:16
5114995,2015-03-19,20:00:54
5114997,2015-03-19,21:27:50
5115029,2015-03-31,22:07:35
5153945,2015-05-15,18:25:52
5153948,2015-05-18,15:13:53
se101313a,2013-10-13,09:20:58.500000
4217680,2012-09-13,20:20:48
5153949,2015-05-18,18:07:41
5153951,2015-05-19,14:05:21
5153954,2015-05-20,14:24:35
5153962,2015-05-21,17:24:09
5153978,2015-05-27,15:00:09
4217814,2012-09-27,21:37:16
4221021,2012-12-17,21:15:06
4309537,2012-11-12,21:44:39
4309543,2012-11-14,18:27:36
4220954,2012-12-10,21:23:02
4220991,2012-12-14,18:44:08
4221096,2012-12-26,17:36:24
4310375,2013-02-07,20:53:20
4223474,2013-01-18,15:04:31
4223487,2013-01-18,21:42:25
5109414,2014-12-31,18:52:23
4310601,2013-02-26,22:06:11
4310623,2013-02-28,20:00:59
4225583,2013-03-21,20:49:09
4225603,2013-03-22,21:36:10
4225493,2013-03-15,21:03:40
4311146,2013-04-30,21:49:17
4310972,2013-04-17,18:08:34
4369787,2013-06-05,21:41:01
4369847,2013-06-11,16:07:49
4369855,2013-06-12,15:36:00
4369856,2013-06-12,15:56:16
4369857,2013-06-12,16:41:12
4369439,2013-05-21,20:05:27
4369471,2013-05-23,13:54:25
4225598,2013-03-22,20:44:03
4372705,2013-07-29,16:04:14
4371790,2013-08-02,20:42:18
4371829,2013-08-05,13:56:58
4638330,2014-01-07,22:25:20
5109392,2014-12-16,21:04:52
4369754,2013-06-04,14:23:38
4369756,2013-06-04,16:44:29
4371967,2013-08-13,20:16:36
4369216,2013-05-09,23:42:39
4488561,2013-10-16,00:42:29
usp000b3vs,2002-05-06,22:26:51.500000
4808501,2014-05-15,00:05:14
4820600,2014-07-09,00:38:36
ld60085446,2014-12-30,02:44:50.520000
4372212,2013-08-27,13:18:08
4371840,2013-08-05,20:17:07
4374313,2013-09-20,21:07:56
4374375,2013-09-24,16:30:40
4374417,2013-09-26,11:17:16
4374439,2013-09-27,21:22:21
4488359,2013-10-02,11:21:38
4488479,2013-10-10,19:51:38
4374106,2013-09-09,11:53:31
4488494,2013-10-11,15:18:43
4488498,2013-10-11,18:01:27
4487953,2013-11-07,17:19:59
4599391,2013-12-04,17:38:28
4599404,2013-12-05,18:11:54
4599550,2013-12-20,21:53:59
4372636,2013-07-20,18:02:20
4488081,2013-11-16,18:01:46
4638439,2014-01-20,20:32:01
4638565,2014-01-30,20:48:46
5111716,2015-01-19,17:38:13
4638404,2014-01-16,03:38:22
4638446,2014-01-20,22:15:32
5006102,2014-08-06,16:56:31
5006114,2014-08-07,20:53:15
5006139,2014-08-11,16:03:36
5006155,2014-08-13,13:54:48
5006168,2014-08-13,22:40:10
5006174,2014-08-14,20:55:36
4820759,2014-07-23,20:24:16
4820768,2014-07-24,15:31:51
4369954,2013-06-21,14:42:19
4820786,2014-07-25,18:30:17
4213054,2012-07-30,21:29:31
4225320,2013-03-04,22:24:17
4213765,2012-08-07,20:08:31
4213882,2012-08-17,20:48:42
4309448,2012-11-01,20:28:23
4369224,2013-05-10,16:21:27
4213931,2012-08-22,19:53:19
5110447,2014-11-22,21:43:21
4638372,2014-01-11,21:10:06
4213954,2012-08-24,19:11:10
4309663,2012-11-30,22:06:07
4808511,2014-05-15,20:31:09
4221086,2012-12-23,17:09:18
4310563,2013-02-23,17:46:00
5111721,2015-01-19,20:58:07
5110434,2014-11-21,18:24:57
4310577,2013-02-25,16:35:37
4225380,2013-03-07,22:54:21
4225419,2013-03-11,14:33:46
4225452,2013-03-13,16:35:35
4225568,2013-03-20,20:23:51
4225578,2013-03-21,19:57:34
4214742,2013-03-27,09:10:48
5006224,2014-08-21,13:19:05
5006225,2014-08-21,16:45:03
5006233,2014-08-22,16:04:17
5006282,2014-08-29,19:21:02
4371836,2013-08-05,18:31:59
4372417,2013-07-01,17:40:41
4225556,2013-03-19,20:55:34
5006285,2014-08-29,21:53:42
5005280,2014-09-09,17:42:41
5006206,2014-08-19,17:03:32
5006216,2014-08-20,16:16:46
5005327,2014-09-12,19:54:03
5005357,2014-09-15,14:11:45
4225596,2013-03-22,19:25:02
4212946,2012-07-16,20:56:47
4213028,2012-07-27,15:46:42
5109397,2014-12-17,21:26:50
4223362,2013-01-09,21:21:16
4223424,2013-01-15,15:11:50
4223466,2013-01-17,21:10:15
4225593,2013-03-22,16:40:06
4767824,2014-02-19,21:12:19
4310390,2013-02-08,20:57:55
4225401,2013-03-09,18:57:40
4225404,2013-03-09,20:09:03
4371751,2013-08-01,15:36:40
4371758,2013-08-01,19:21:26
4813102,2014-04-28,20:59:53
4369790,2013-06-06,16:10:28
4369806,2013-06-07,17:29:14
4369854,2013-06-12,14:40:49
4820664,2014-07-14,18:06:05
4815794,2014-06-30,14:56:30
4820698,2014-07-17,17:28:54
4820762,2014-07-23,21:33:08
4369869,2013-06-13,00:19:50
4369870,2013-06-13,00:22:31
4372702,2013-07-29,05:52:21
4369143,2013-05-06,19:17:44
4369182,2013-05-08,17:24:53
4369198,2013-05-09,16:02:22
4488497,2013-10-11,17:16:35
4369228,2013-05-10,17:58:45
4310450,2013-02-13,22:12:39
4212956,2012-07-18,16:02:33
4212962,2012-07-18,20:00:46
4374388,2013-09-24,21:16:41
4371817,2013-08-03,19:24:54
4813095,2014-04-26,17:28:55
4372183,2013-08-24,17:26:00
4223478,2013-01-18,17:37:57
5109345,2014-12-01,20:01:42
4488236,2013-11-27,14:35:44
4310987,2013-04-18,17:22:22
4311050,2013-04-23,18:20:16
4311051,2013-04-23,18:33:10
4374373,2013-09-24,14:33:32
4374430,2013-09-27,17:22:03
4374469,2013-09-30,18:51:50
4488341,2013-10-01,18:21:45
4488376,2013-10-03,19:11:56
5005482,2014-09-27,17:54:03
5006103,2014-08-06,20:05:12
5006110,2014-08-07,19:05:53
5006124,2014-08-08,19:26:35
4488387,2013-10-04,17:18:43
4310533,2013-02-20,21:26:35
4488446,2013-10-08,18:42:06
4487924,2013-11-05,20:37:23
4487928,2013-11-05,21:25:04
4212916,2012-07-12,15:40:59
4488017,2013-11-12,19:25:21
4488101,2013-11-18,17:05:45
4488110,2013-11-19,16:45:24
4488020,2013-11-12,20:12:00
4767725,2014-02-06,21:07:18
5005435,2014-09-22,11:21:55
5005264,2014-09-08,15:01:13
4599573,2013-12-26,21:39:40
4599597,2013-12-30,19:12:56
4638291,2014-01-03,17:05:47
5005460,2014-09-25,16:09:20
5005511,2014-09-30,16:38:33
4767864,2014-02-25,17:22:09
4638419,2014-01-17,21:10:26
4638457,2014-01-21,21:34:28
4766637,2014-03-03,14:50:05
usp0006k6r,1994-09-29,22:49:20.750000
usp0006u2q,1995-03-11,21:10:16.030000
4767720,2014-02-06,18:47:35
5110272,2014-11-06,18:19:26
4808423,2014-05-07,16:13:33
4808442,2014-05-08,19:42:08
4808497,2014-05-14,18:00:01
4812995,2014-04-10,21:56:34
4808371,2014-05-01,20:48:31
4808548,2014-05-20,15:20:36
4217660,2012-09-11,13:39:32
4217664,2012-09-12,13:57:42
4213863,2012-08-16,17:00:44
4217585,2012-09-04,20:26:01
5110288,2014-11-07,18:53:30
4217716,2012-09-18,20:00:21
4217749,2012-09-21,20:36:15
5007549,2014-10-16,21:12:42
5007630,2014-10-31,19:22:37
5110285,2014-11-07,18:08:39
4223600,2013-01-25,21:30:14
4217744,2012-09-21,18:45:07
5110428,2014-11-21,15:34:12
5007490,2014-10-07,18:31:24
5109405,2014-12-24,17:04:34
4223610,2013-01-26,17:30:10
5111657,2015-01-09,20:08:35
5111658,2015-01-09,20:57:38
5111668,2015-01-12,20:53:22
5109408,2014-12-28,14:53:18
4309630,2012-11-26,21:04:06
4223441,2013-01-16,16:01:35
4221066,2012-12-20,21:41:25
4225463,2013-03-14,16:38:09
4225491,2013-03-15,20:40:28
4369292,2013-05-14,20:27:10
4225279,2013-03-01,21:27:43
4310812,2013-04-03,18:16:42
4372034,2013-08-16,19:33:48
4372092,2013-08-20,14:07:57
4372099,2013-08-20,19:35:02
4372246,2013-08-29,16:08:03
4374001,2013-09-03,18:53:11
4374049,2013-09-05,19:51:40
5007535,2014-10-14,14:34:56
5007604,2014-10-28,16:06:40
5110310,2014-11-10,16:33:29
5110374,2014-11-14,20:51:13
5007500,2014-10-08,20:42:26
4310359,2013-02-06,21:39:37
4815732,2014-06-23,16:03:17
4815741,2014-06-24,16:28:48
4766809,2014-03-14,16:38:19
4225475,2013-03-14,22:13:22
4221062,2012-12-20,17:33:29
4766797,2014-03-13,20:29:23
4766974,2014-03-26,14:23:40
4766995,2014-03-27,20:00:01
5110437,2014-11-21,20:11:08
4217737,2012-09-20,20:45:53
4217766,2012-09-24,16:08:50
5005246,2014-09-05,21:01:20
4767000,2014-03-27,20:55:41
4310973,2013-04-17,19:05:03
5005274,2014-09-09,15:39:33
4225318,2013-03-04,21:49:10
4369765,2013-06-04,20:40:57
4815711,2014-06-20,19:42:04
4488756,2013-10-31,18:15:20
5111711,2015-01-17,18:47:14
4487885,2013-11-02,19:45:08
5113586,2015-02-06,19:50:19
5114929,2015-03-04,18:21:45
5114956,2015-03-11,18:54:47
5115008,2015-03-23,18:06:41
5115017,2015-03-24,19:40:05
4223612,2013-01-26,18:29:41
5110303,2014-11-08,20:59:56
5005207,2014-09-02,19:27:52
5005304,2014-09-11,20:09:12
5005382,2014-09-16,19:47:17
5007613,2014-10-29,18:18:42
5110236,2014-11-03,21:09:06
4310459,2013-02-14,18:38:05
4310425,2013-02-12,20:57:41
4310462,2013-02-14,19:11:16
4310484,2013-02-15,22:57:49
4220875,2012-12-03,21:11:00
5115025,2015-03-26,19:29:43
5115027,2015-03-27,19:48:11
5111745,2015-01-22,17:06:03
4225667,2013-03-27,13:27:16
4310917,2013-04-12,21:10:02
4217715,2012-09-18,19:55:54
4225290,2013-03-02,19:11:30
4225507,2013-03-16,13:16:03
4369890,2013-06-15,19:41:32
4309470,2012-11-03,18:14:02
4310427,2013-02-12,21:21:28
4310466,2013-02-14,20:59:48
4225336,2013-03-05,20:29:12
4225338,2013-03-05,20:51:20
4311065,2013-04-24,20:14:07
4311089,2013-04-26,16:24:12
4369419,2013-05-20,20:52:31
4369438,2013-05-21,19:49:31
4369457,2013-05-22,18:06:48
4369479,2013-05-23,19:44:51
4369483,2013-05-23,20:39:09
4372004,2013-08-15,18:54:19
4310430,2013-02-12,22:05:40
4371834,2013-08-05,18:16:10
4310435,2013-02-13,13:09:18
4310471,2013-02-15,17:03:03
4310480,2013-02-15,21:00:48
4369607,2013-05-30,17:46:02
usp0008amt,1997-11-14,03:44:11.050000
usp0008r6w,1998-07-09,01:52:13.130000
4225453,2013-03-13,16:44:57
4225489,2013-03-15,20:23:21
4638417,2014-01-17,20:22:40
4369621,2013-05-31,20:03:24
4371997,2013-08-15,15:38:23
4820752,2014-07-22,20:45:07
4820739,2014-07-21,17:32:20
4310495,2013-02-16,15:45:03
4488046,2013-11-14,17:13:52
5110243,2014-11-04,17:04:17
5110248,2014-11-04,21:30:03
5110256,2014-11-05,20:54:06
4488383,2013-10-04,15:18:51
4488447,2013-10-08,19:01:00
4374135,2013-09-10,21:42:38
4225635,2013-03-25,15:42:59
4225715,2013-03-29,20:07:36
4310865,2013-04-09,14:32:49
4310866,2013-04-09,16:35:16
4371895,2013-08-08,18:29:46
4371955,2013-08-12,20:54:20
4813105,2014-04-29,15:55:48
4813107,2014-04-29,17:02:37
4808368,2014-05-01,19:04:13
4372091,2013-08-20,12:55:48
4766909,2014-03-21,20:13:47
4813001,2014-04-11,19:15:32
4767694,2014-02-03,18:19:59
4767884,2014-02-27,21:57:26
4220925,2012-12-07,21:14:32
4488183,2013-11-23,18:36:25
4225611,2013-03-23,17:28:44
4374215,2013-09-14,22:45:56
4638551,2014-01-29,21:27:16
4370044,2013-06-28,20:48:17
5109364,2014-12-05,15:20:05
5109371,2014-12-08,20:58:49
5109379,2014-12-11,19:17:10
5111777,2015-01-26,21:21:59
5114925,2015-03-03,20:18:18
4370045,2013-06-28,21:01:17
4372543,2013-07-12,13:33:02
4372575,2013-07-15,17:07:59
4372591,2013-07-16,20:18:13
4372706,2013-07-29,16:59:17
4488681,2013-10-25,16:12:39
usp0001jf6,1982-02-03,04:28:20.600000
usp0002ka4,1985-09-30,04:08:56.390000
5114950,2015-03-10,14:20:11
5114974,2015-03-13,14:25:02
5153924,2015-05-08,14:43:50
4820731,2014-07-19,15:58:47
4820734,2014-07-19,19:58:53
4371816,2013-08-03,19:19:06
4371820,2013-08-03,22:30:22
4488184,2013-11-23,18:38:59
4767705,2014-02-04,17:35:13
4766696,2014-03-07,20:51:18
4767825,2014-02-19,21:41:02
4766857,2014-03-18,20:02:27
4813002,2014-04-11,20:43:00
usp000fkzh,2007-08-30,03:47:45.720000
4372287,2013-08-31,18:02:21
4638504,2014-01-25,16:41:39
4225509,2013-03-16,15:38:53
4488558,2013-10-15,17:00:06
4310959,2013-04-16,20:14:59
4488118,2013-11-19,21:07:59
4638298,2014-01-03,21:55:27
4638385,2014-01-14,18:40:45
4638547,2014-01-29,20:51:19
5006166,2014-08-13,21:33:29
4225275,2013-03-01,20:54:27
4221051,2012-12-19,20:29:38
4223596,2013-01-25,20:42:24
4223598,2013-01-25,21:11:58
4223599,2013-01-25,21:18:26
4766623,2014-03-01,16:46:13
4311024,2013-04-20,22:27:24
4225281,2013-03-01,21:44:17
4225471,2013-03-14,21:03:41
4225487,2013-03-15,19:39:46
4225465,2013-03-14,19:01:10
4213059,2012-07-31,15:39:33
4820654,2014-07-12,17:46:02
5111764,2015-01-24,16:37:35
4310529,2013-02-20,16:41:49
4310557,2013-02-22,21:10:18
4369148,2013-05-06,21:35:05
4369191,2013-05-08,22:04:04
5005287,2014-09-10,15:55:37
5005292,2014-09-10,18:02:21
5111719,2015-01-19,19:16:31
4808636,2014-05-30,16:27:37
4820590,2014-07-08,17:45:42
4220889,2012-12-04,21:50:05
4820705,2014-07-17,21:01:29
usp000jyg3,2013-01-16,13:46:38.700000
ld60032203,2013-12-21,15:21:16.200000
5006159,2014-08-13,17:34:13
5007511,2014-10-10,16:30:31
4225610,2013-03-23,14:38:11
5007536,2014-10-14,17:01:19
5007545,2014-10-16,19:28:39
5007564,2014-10-21,19:16:41
5109407,2014-12-27,21:22:15
5114978,2015-03-14,14:19:53
4219219,2012-10-27,17:31:53
5110377,2014-11-14,21:35:05
5110392,2014-11-17,17:59:16
5110400,2014-11-18,18:59:52
4488459,2013-10-09,16:18:55
ld60064701,2014-02-23,02:19:09.070000
ld60034308,2014-03-10,06:26:45.900000
4219110,2012-10-17,16:39:38
4310392,2013-02-08,21:11:38
4310493,2013-02-16,15:23:11
4310500,2013-02-16,20:59:05
4225403,2013-03-09,19:14:29
4311103,2013-04-27,17:35:09
4372640,2013-07-20,19:59:21
4225293,2013-03-02,22:23:18
4225339,2013-03-05,21:03:28
4225342,2013-03-05,22:02:57
4225372,2013-03-07,20:55:34
4225374,2013-03-07,21:19:45
ld60086416,2015-02-05,14:55:12.980000
ld60041403,2015-02-08,09:34:30.170000
ld60041708,2015-02-14,04:47:19.210000
se60004308,2015-02-17,10:24:38.640000
usp00091qc,1999-01-25,20:12:30
usp000cc1v,2003-11-04,13:37:31.800000
4372686,2013-07-25,21:27:56
4372641,2013-07-20,22:29:02
4372699,2013-07-27,22:52:50
ld60059656,2014-02-01,12:33:00.400000
ld60074201,2014-07-18,15:43:50.880000
4225618,2013-03-23,20:12:49
4372569,2013-07-14,18:30:54
4488514,2013-10-12,16:40:50
4488146,2013-11-21,17:44:16
4369251,2013-05-11,13:23:11
4369238,2013-05-10,21:09:45
4369274,2013-05-13,19:47:49
4766884,2014-03-20,19:14:58
4766899,2014-03-21,15:50:41
4309511,2012-11-08,21:14:05
4309582,2012-11-20,21:48:27
4309515,2012-11-09,17:45:03
4766951,2014-03-24,19:54:27
usp0000eu9,1976-01-30,18:58:49.800000
usp0000t83,1978-03-05,07:53:25.600000
usp0000ukh,1978-05-18,01:29:37.900000
4310454,2013-02-14,16:15:50
4309566,2012-11-17,19:20:04
4220856,2012-12-01,16:04:47
4213045,2012-07-28,16:45:51
4212970,2012-07-19,20:31:37
4219060,2012-10-11,20:31:25
4219092,2012-10-15,20:49:10
4219100,2012-10-16,19:46:41
4310515,2013-02-18,21:38:54
4223668,2013-01-31,21:25:55
4310323,2013-02-04,20:53:20
5153928,2015-05-08,17:14:18
4223363,2013-01-09,21:44:16
4223372,2013-01-10,16:38:18
4223451,2013-01-16,21:04:51
4223454,2013-01-17,15:04:58
4370001,2013-06-26,12:46:24
4310501,2013-02-16,21:29:24
4310308,2013-02-02,18:26:38
5109382,2014-12-15,00:09:54
5111690,2015-01-15,07:52:54
4310514,2013-02-18,20:42:44
4310520,2013-02-19,16:11:03
4310546,2013-02-21,21:06:03
4371837,2013-08-05,18:34:12
4310558,2013-02-22,21:33:19
4369527,2013-05-24,19:41:52
4369592,2013-05-29,19:42:27
4310497,2013-02-16,18:29:55
4372435,2013-07-03,00:56:14
4374260,2013-09-18,15:19:54
4374224,2013-09-16,14:36:32
ld60039203,2014-11-29,04:18:26.590000
4372523,2013-07-11,05:16:37
4372687,2013-07-25,23:08:53
4812988,2014-04-10,18:55:02
4812996,2014-04-11,13:54:17
4808545,2014-05-19,21:13:55
4808549,2014-05-20,16:02:03
4808630,2014-05-29,19:48:15
4808638,2014-05-30,17:09:05
4815558,2014-06-05,14:10:43
4815562,2014-06-05,17:29:21
4815773,2014-06-27,17:25:09
4820552,2014-07-03,15:24:39
4815639,2014-06-13,15:57:15
4820632,2014-07-11,14:09:48
4808483,2014-05-13,00:18:39
4808587,2014-05-23,20:03:45
4223488,2013-01-18,21:50:11
4223515,2013-01-21,18:39:02
4223523,2013-01-21,21:51:52
4223534,2013-01-22,20:57:02
4223557,2013-01-23,21:22:32
4223580,2013-01-24,21:19:32
4487941,2013-11-06,18:20:48
4488204,2013-11-25,19:33:53
4369248,2013-05-10,23:22:36
4820755,2014-07-23,16:12:59
4220912,2012-12-06,20:14:51
4221103,2012-12-26,21:38:07
4223312,2013-01-04,21:45:03
5109400,2014-12-19,19:22:55
5111680,2015-01-13,20:55:35
5114921,2015-03-02,21:58:31
4311041,2013-04-22,20:55:59
4219162,2012-10-22,19:24:16
4219196,2012-10-25,18:09:18
4223649,2013-01-29,21:48:27
4223654,2013-01-30,17:46:24
4223671,2013-01-31,21:53:39
4310292,2013-02-01,20:59:23
4310293,2013-02-01,21:08:14
4225375,2013-03-07,21:27:05
4225387,2013-03-08,20:43:57
4225429,2013-03-11,20:22:26
4225446,2013-03-12,19:41:17
4225537,2013-03-18,21:08:10
5005243,2014-09-05,17:02:20
4310991,2013-04-18,20:15:11
4374244,2013-09-17,20:34:58
4369627,2013-05-31,21:01:24
4374281,2013-09-19,15:57:15
4369240,2013-05-10,21:18:44
4371966,2013-08-13,20:14:15
4488339,2013-10-01,15:58:41
5007476,2014-10-06,13:45:14
4766990,2014-03-27,16:10:11
4767008,2014-03-28,16:44:56
4812920,2014-04-02,19:01:32
4812963,2014-04-07,20:15:19
5005341,2014-09-13,15:38:17
usp000gdb5,2008-07-28,15:20:09.500000
4812959,2014-04-07,10:37:26
usp000fgz6,2007-07-24,01:56:48.790000
usp000fjdd,2007-08-11,07:31:20
usp000fpbd,2007-09-28,08:46:05.810000
usp000fubs,2007-12-13,03:29:24
usp000g0z6,2008-03-08,11:48:44.100000
usp000g1gm,2008-03-14,22:42:31.600000
5109378,2014-12-11,18:58:25
5111774,2015-01-26,20:07:11
4813014,2014-04-14,19:00:24
usp000gxw4,2009-06-05,15:07:52
usp000grwk,2008-12-31,05:34:08.800000
usp000gt45,2009-01-26,06:55:28
usp000gtz4,2009-02-14,22:22:22
usp000gu4z,2009-02-18,03:41:50.720000
usp000gu5q,2009-02-18,16:20:23
usp000gu7q,2009-02-20,18:04:19.700000
usp000guat,2009-02-23,15:46:20.290000
usp000gv9z,2009-03-22,09:21:01.270000
4815551,2014-06-04,13:09:10
4815591,2014-06-09,15:16:06
4815633,2014-06-12,20:09:06
4820517,2014-07-01,14:15:43
4820543,2014-07-02,19:24:04
4820585,2014-07-08,14:27:47
5111763,2015-01-23,22:08:21
5005372,2014-09-15,22:53:27
5007513,2014-10-10,18:31:22
4808618,2014-05-28,15:26:38
usp000hn29,2010-10-13,17:30:43.500000
usp000hc1v,2010-04-29,01:36:21
usp000hc2p,2010-04-29,12:38:53
usp000hc39,2010-04-29,23:26:39.470000
usp000hcfs,2010-05-08,03:03:00
usp000hdhe,2010-06-03,09:35:39
usp000hdhp,2010-06-03,12:25:02.930000
usp000hdna,2010-06-06,08:13:45
4815632,2014-06-12,16:31:49
4815645,2014-06-13,20:50:56
4815619,2014-06-11,15:06:04
4815660,2014-06-17,14:39:23
4808550,2014-05-20,16:12:05
4815745,2014-06-24,18:36:34
4815762,2014-06-26,16:24:15
4815637,2014-06-13,00:21:26
usp000j389,2011-06-16,04:03:17
usp000j47r,2011-07-06,06:37:50.910000
usp000j6z7,2011-08-24,17:14:32.600000
usp000j6zc,2011-08-24,18:44:08.800000
usp000j70d,2011-08-25,05:59:13
usp000j70r,2011-08-25,13:13:32.200000
usp000j71b,2011-08-25,20:55:53.550000
usp000j71v,2011-08-26,04:55:20
usp000j74e,2011-08-27,14:38:40.100000
usp000j7ae,2011-08-31,09:35:12.410000
usp000jvz9,2012-11-23,05:13:20.970000
usp000jgbk,2012-03-16,15:05:53.570000
ld60023903,2013-02-16,07:44:26.500000
usp000j8rd,2011-09-30,00:52:38.710000
usp000j9mc,2011-10-20,22:41:10.820000
usp000jb6u,2011-11-21,07:16:51.500000
usp000jck1,2011-12-24,06:24:57.380000
usp000jcwa,2011-12-31,20:05:01.060000
usp000jd5a,2012-01-07,02:33:24.010000
usp000jdvu,2012-01-23,15:44:06.700000
usp000jndf,2012-06-30,01:56:25.550000
4820701,2014-07-17,19:52:43
4820753,2014-07-22,22:34:46
4815700,2014-06-20,15:22:15
4820682,2014-07-15,22:21:45
4815702,2014-06-20,15:53:59
ld60026203,2013-05-02,01:54:06.300000
ld60029103,2013-07-27,04:50:45.100000
se033113a,2013-03-31,14:01:24
ld60025313,2013-04-01,11:28:05.600000
4487970,2013-11-08,19:11:28
ld60070801,2014-06-19,04:09:50.930000
ld60064006,2014-02-08,12:34:21.520000
ld60064231,2014-02-09,22:34:04.980000
ld60064321,2014-02-13,04:57:38.020000
ld60034403,2014-03-10,06:42:44.280000
ld60034408,2014-03-10,15:03:47.610000
ld60065316,2014-03-10,15:44:06.780000
ld60034503,2014-03-11,07:01:13.340000
5006101,2014-08-06,16:11:49
5006158,2014-08-13,16:00:25
5006181,2014-08-15,18:52:58
5006202,2014-08-19,15:56:14
5006218,2014-08-20,17:20:26
5006250,2014-08-25,12:17:03
5006251,2014-08-25,15:56:11
5006265,2014-08-27,14:01:14
5006142,2014-08-11,20:37:24
5006106,2014-08-07,16:04:54
5006125,2014-08-08,19:30:49
5006149,2014-08-12,19:56:56
5006197,2014-08-18,14:03:05
5006186,2014-08-15,23:12:47
5005389,2014-09-17,14:00:30
5005392,2014-09-17,17:00:10
5005425,2014-09-19,20:44:19
5005459,2014-09-25,15:27:51
5005470,2014-09-26,14:55:43
5005498,2014-09-29,18:52:56
5005509,2014-09-30,14:31:05
5005331,2014-09-12,20:44:10
5005375,2014-09-16,15:30:23
5005377,2014-09-16,16:11:05
5005404,2014-09-18,15:47:32
5005496,2014-09-29,16:56:58
5005502,2014-09-29,19:59:52
5005433,2014-09-21,08:27:49
5111752,2015-01-22,21:04:46
5111782,2015-01-27,20:37:26
5113617,2015-02-27,20:02:31
5114946,2015-03-09,19:58:02
5114955,2015-03-11,17:27:49
5111781,2015-01-27,18:01:08
5114968,2015-03-12,18:00:48
5115007,2015-03-23,17:56:55
5115009,2015-03-23,20:48:36
5111737,2015-01-21,21:34:08
5111749,2015-01-22,20:14:39
5111794,2015-01-29,15:31:03
5113592,2015-02-12,18:58:51
5114958,2015-03-11,21:09:15
5114922,2015-03-03,06:44:31
5113609,2015-02-26,05:18:10
5153934,2015-05-12,16:07:58
5153935,2015-05-12,17:58:23
5153937,2015-05-13,14:15:45
5153939,2015-05-14,14:41:45
5153955,2015-05-20,16:09:50
5153960,2015-05-21,15:53:46
5153963,2015-05-21,20:40:33
5153965,2015-05-22,15:07:56
5153943,2015-05-15,10:00:18
4599478,2013-12-13,21:00:58
4599525,2013-12-18,16:20:10
4599545,2013-12-20,17:19:54
4217707,2012-09-17,19:52:58
4488258,2013-11-29,00:10:07
4309661,2012-11-30,20:54:03
4220852,2012-12-01,07:32:01
4310424,2013-02-12,20:17:26
4310465,2013-02-14,20:59:15
4310616,2013-02-27,23:09:09
4225324,2013-03-05,12:50:34
4225539,2013-03-18,21:17:09
4225546,2013-03-19,11:40:32
4225552,2013-03-19,20:08:20
4225555,2013-03-19,20:54:22
4369522,2013-05-24,18:05:56
4310492,2013-02-16,15:03:47
4225292,2013-03-02,19:59:34
4311020,2013-04-20,19:08:48
4371838,2013-08-05,19:12:31
4371915,2013-08-09,18:01:09
4371948,2013-08-12,13:33:27
4374121,2013-09-10,11:48:13
4374271,2013-09-18,20:42:14
4488495,2013-10-11,16:04:13
4488570,2013-10-16,18:12:38
4488712,2013-10-28,16:08:04
usp0000dh6,1975-11-11,08:10:39.300000
usp0001zwk,1983-11-17,19:55:06.580000
usp0008ndg,1998-05-20,01:53:28.020000
4488111,2013-11-19,17:10:02
4638405,2014-01-16,13:34:32
4638442,2014-01-20,21:03:00
4638495,2014-01-24,19:16:59
4638522,2014-01-27,18:26:01
4638561,2014-01-30,14:18:26
4638576,2014-01-31,20:14:10
4766747,2014-03-10,19:40:58
4766760,2014-03-11,20:14:09
4638514,2014-01-25,21:10:50
usp0008pma,1998-06-09,08:53:51
usp000dp28,2005-04-23,14:24:51
usp000jd61,2012-01-07,12:56:57
ld60039503,2014-11-26,01:33:38.170000
4766664,2014-03-05,03:05:17
4766836,2014-03-17,17:55:45
4766848,2014-03-18,15:30:30
4812922,2014-04-02,21:35:39
4813067,2014-04-23,16:56:58
4813077,2014-04-24,16:53:26
4813079,2014-04-24,17:39:35
4808382,2014-05-02,17:31:25
4808425,2014-05-07,18:34:34
4808429,2014-05-07,20:25:57
4808546,2014-05-20,13:56:55
4808562,2014-05-21,16:21:34
4808619,2014-05-28,16:42:11
4815537,2014-06-02,15:40:13
4815549,2014-06-03,20:19:22
4815566,2014-06-06,06:57:39
4815636,2014-06-12,23:13:48
4815654,2014-06-16,16:15:26
4815661,2014-06-17,15:23:02
4815663,2014-06-17,15:43:30
4815747,2014-06-24,19:56:16
4820536,2014-07-02,16:05:22
4820584,2014-07-08,14:07:01
4820588,2014-07-08,17:20:04
4820589,2014-07-08,17:23:11
4820604,2014-07-09,17:27:34
4820661,2014-07-14,15:00:10
4820675,2014-07-15,17:07:26
4820791,2014-07-25,21:15:04
4820836,2014-07-30,19:05:52
5006088,2014-08-04,16:02:14
5005200,2014-09-02,16:02:40
5006091,2014-08-04,20:20:21
5005239,2014-09-05,13:25:42
5007565,2014-10-21,19:57:35
5110342,2014-11-12,21:41:49
5110439,2014-11-21,21:10:25
5110473,2014-11-26,18:12:37
5109399,2014-12-19,16:48:31
5109411,2014-12-29,16:07:12
5111717,2015-01-19,18:38:10
5153905,2015-05-01,19:12:39
5153920,2015-05-07,16:40:52
5153921,2015-05-07,20:42:03
5153975,2015-05-26,16:08:51
5153979,2015-05-28,17:02:10
5110385,2014-11-15,21:33:59
5006116,2014-08-07,21:09:18
5006203,2014-08-19,16:25:12
5005418,2014-09-19,16:31:19
4369820,2013-06-08,16:20:44
5110466,2014-11-25,20:56:43
5109395,2014-12-17,18:38:57
4371760,2013-08-01,19:36:14
4371767,2013-08-01,21:04:06
4371831,2013-08-05,15:39:52
4813104,2014-04-29,14:56:15
usp00029g6,1984-11-26,09:03:49
usp0002bdu,1985-01-26,19:06:46.970000
usp0002fqj,1985-06-10,12:22:38.300000
usp0002kxs,1985-10-19,10:05:46
usp000gwa7,2009-04-18,00:43:29.570000
usp000gwg6,2009-04-22,13:21:14.160000
usp000gwh8,2009-04-23,22:26:04
usp000gwhm,2009-04-24,05:36:48.810000
usp000gwj0,2009-04-24,13:42:46.030000
usp000gwq2,2009-04-30,22:36:11.380000
usp000gx0h,2009-05-11,05:18:23.180000
usp000gx8n,2009-05-18,00:53:29.930000
usp000gx8v,2009-05-18,07:21:57
5110444,2014-11-22,18:36:57
5109401,2014-12-20,20:48:02
5110313,2014-11-10,20:59:25
5110375,2014-11-14,20:53:10
5110460,2014-11-25,16:26:59
5110483,2014-11-28,16:14:11
5109389,2014-12-16,17:58:29
5111627,2015-01-02,18:08:29
