event_id,state,latitude,longitude
usp000gyu4,New Jersey,39.644,-75.483
usp000gyxs,West Virginia,37.379,-80.746
usp000gz1d,Quebec,45.296,-73.475
usp000h1sz,New York,42.825,-78.239
usp000hab0,West Virginia,38.619,-80.909
usp000hgny,West Virginia,38.675,-80.82
usp000hj7k,West Virginia,38.818,-80.43
usp000hjhz,West Virginia,38.792,-80.398
usp000hng7,Ohio,39.433,-81.362
usp000hqs4,Pennsylvania,41.514,-80.333
usp000hrxd,New Jersey,40.859,-74.179
usp000hxng,Ohio,41.11,-80.68
usp000hz5p,New York,44.964,-74.588
usp000j15a,New York,44.673,-73.841
usp000j1a5,New Jersey,40.011,-74.796
usp000j7b5,Ohio,39.51,-81.47
usp000j7kq,Ohio,39.422,-81.205
usp000j8js,Ohio,41.115,-80.682
usp000jryp,New York,41.035,-73.543
usp000jsc2,West Virginia,39.509,-77.19
usp000jthp,Quebec,45.132,-74.147
usp000jucw,Quebec,45.219,-74.362
usp000juf3,New York,43.356,-78.634
usp000jv24,New Jersey,41.075,-74.222
ld60024003,Pennsylvania,41.238,-77.0555
ld60024103,Quebec,45.0995,-74.207
ld60038401,New York,44.895,-74.5235
ld60024403,New York,42.592,-74.1458
ld60024703,New York,43.8283,-74.236
ld60024803,New York,43.834,-74.1003
us2013ngal,Ohio,38.668,-82.215
ld60025903,New York,43.407,-78.3345
ld60026208,New York,43.9087,-73.9885
ld60026708,New York,42.8187,-78.2457
ld60044081,Pennsylvania,39.8485,-77.5933
4310521,West Virginia,38.4176,-80.9942
usp0000gyg,West Virginia,37.362,-81.624
se072013a,West Virginia,38.8956,-80.887
ld60028803,Quebec,44.9832,-74.6032
se073013a,West Virginia,38.8393,-80.9087
se081613a,West Virginia,38.8414,-80.9387
ld60047501,New York,43.351,-73.7943
ld60047561,New York,44.6673,-74.0823
ld60030208,New York,42.5963,-76.9065
usb000kbcn,Kentucky,38.506,-82.7978
se101913a,West Virginia,37.7476,-80.6433
ld60031608,New York,44.9553,-74.806
ld60054666,Pennsylvania,39.9273,-76.324
ld60033303,New York,44.5608,-75.1253
ld60063426,New York,45.0958333,-73.646
ld60065706,New York,44.7683333,-73.8276667
ld60065831,New York,44.5101667,-75.9473333
ld60034903,New York,44.9763333,-74.8253333
ld60035403,New York,41.319,-73.6928333
ld60069171,New Jersey,40.9516667,-74.397
usc000rccm,West Virginia,38.6438,-81.5855
ld60072806,New York,41.3643333,-73.9343333
ld60072861,New Jersey,40.7226667,-74.1138333
ld60074281,New York,43.579,-78.6248333
ld60074876,New York,43.4063333,-73.9891667
ld60078011,New York,42.9395,-74.4311667
ld60078511,Ohio,41.196,-80.7765
ld60078891,New Jersey,41.018,-74.0321667
ld60038803,New York,43.2981667,-78.3395
ld60084066,New York,43.6283333,-73.9718333
ld60084601,New York,43.1398333,-78.777
ld60039103,Quebec,43.5065,-79.1693333
ld60042808,Quebec,45.0808333,-74.2346667
4369548,West Virginia,37.8076,-82.1206
4815596,New York,44.7705,-74.9714
4372707,New York,43.0108,-76.4098
4374136,West Virginia,37.8606,-81.6165
4225371,West Virginia,38.0555,-81.6617
4310595,West Virginia,37.9899,-81.3333
usp0000quc,New York,44.387,-73.889
usp0000txk,New York,43.855,-74.242
usp0000u9r,West Virginia,39.697,-78.237
usp000ea6t,New Jersey,41.159,-74.557
usp000g042,New York,42.698,-74.365
usp000jgne,New York,42.754,-77.855
ld60041203,Pennsylvania,39.999,-75.6573333
ld60096111,New Jersey,41.054,-74.2945
ld60084261,Connecticut,41.0011667,-73.6486667
usp0007s23,Pennsylvania,40.268,-76.141
usp000fa43,Pennsylvania,40.231,-75.892
ld60093131,New York,43.4086667,-79.1936667
ld60043003,New York,44.011,-75.1721667
ld60096256,Quebec,45.1875,-73.9578333
ld60097401,New York,44.5326667,-73.7243333
ld60098866,Pennsylvania,39.892,-76.4083333
ld60100581,New Jersey,40.8935,-74.3375
4310999,West Virginia,37.1799,-81.8663
usp0000bd0,New York,44.896,-73.574
4766676,West Virginia,38.0969,-82.0546
4371887,West Virginia,37.3466,-81.4547
4223501,West Virginia,37.8172,-81.7819
4766866,West Virginia,39.7113,-79.735
4369356,New York,43.0225,-76.4203
4369414,West Virginia,37.6355,-82.6168
4094794,West Virginia,37.3689,-81.6311
4309659,West Virginia,37.7563,-82.1132
usp0000c1u,New York,41.43,-73.788
usp0000d97,New York,41.593,-73.933
usp0001eh9,Quebec,45.106,-74.606
usp0001ehw,Quebec,45.106,-74.607
usp000310x,New York,40.999,-73.831
usp00036be,New York,44.657,-75.558
usp00036mg,Ohio,41.896,-80.767
usp00036pe,Ohio,41.9,-80.8
usp0005shd,Pennsylvania,40.347,-76.018
usp0005sk2,Pennsylvania,40.35,-76.02
usp0005sk3,Pennsylvania,40.35,-76.02
usp00083k3,Pennsylvania,40.098,-76.967
usp00084ng,Quebec,45.04,-74.83
usp00085m9,New York,43.624,-75.37
usp00088x1,New York,44.908,-74.547
usp0008902,New York,44.36,-74.968
usp0008vh3,Pennsylvania,41.495,-80.388
usp000945g,New York,44.76,-73.8
usp0009rd3,New York,43.96,-74.24
usp0009rkd,New York,43.949,-74.257
usp0009yy7,New York,41.42,-73.63
usp000ea6r,New Jersey,41.16,-74.535
usp000eepu,Pennsylvania,40.228,-75.995
usp000euv8,Vermont,43.886,-73.31
usp000drys,New York,44.945,-74.079
usp000e38n,New York,43.281,-77.316
usp000e5u6,New Jersey,40.97,-74.379
usp000e7xf,Quebec,45.029,-73.901
4225344,West Virginia,37.8138,-82.1101
3372376,West Virginia,37.2581,-81.9888
usp00036mh,Ohio,41.9,-80.8
usp00036mn,Ohio,41.9,-80.8
usp00036nf,Ohio,41.9,-80.8
4369310,West Virginia,37.5488,-82.0602
usp000a1aw,Pennsylvania,39.949,-76.198
usp000a1br,Quebec,45.13,-74.02
usp000c97z,New Jersey,40.572,-75.116
usp000ajhr,New Jersey,40.96,-74.37
usp000arqa,New York,40.793,-73.97
usp000azmy,New York,41.11,-73.66
usp000b2u2,New York,44.513,-73.699
usp000b2u3,New York,44.49,-73.69
usp000b2u4,New York,44.501,-73.704
4808482,West Virginia,37.8886,-81.6418
usp000h74j,New Jersey,41.033,-74.303
usp000h37g,New York,42.572,-74.104
usp000h3d2,Pennsylvania,40.089,-76.998
usp000h3d3,Pennsylvania,40.092,-76.999
4766967,Pennsylvania,40.4211,-78.5747
usp000h50u,New York,42.569,-74.108
usp000h50y,New York,42.573,-74.108
usp000h574,Pennsylvania,40.58,-75.191
usp000h58m,New York,43.425,-78.664
usp000h6v3,Quebec,45.188,-73.208
usp000h7b2,New York,42.589,-74.157
usp000h7dw,New York,42.59,-74.154
usp000h9x6,New York,42.594,-74.186
4225430,West Virginia,38.2555,-81.5822
4815624,West Virginia,38.1111,-81.9889
4369514,West Virginia,37.8549,-82.1183
ld60042903,New York,43.6848333,-74.0876667
ld60084971,New Jersey,40.1586667,-74.4285
ld60040103,New York,43.9376667,-74.1666667
se610692,Kentucky,38.4946,-82.8255
ld60085406,New Jersey,40.8423333,-74.174
ld60085511,New York,43.565,-78.6808333
ld60085806,New York,44.6816667,-73.6525
ld60086101,Quebec,45.2058333,-74.1826667
ld60086106,Quebec,45.2003333,-74.1798333
ld60087331,New York,44.3275,-74.5303333
ld60087406,Quebec,45.15,-73.826
ld60088471,New Jersey,40.844,-74.1765
ld60089306,New York,44.0746667,-75.2966667
ld60089966,Quebec,45.1465,-73.8716667
ld60091441,New York,44.7425,-75.1593333
ld60042703,New York,43.2868333,-78.31
ld60092906,Quebec,45.0538333,-74.2146667
5005268,Quebec,45.1704,-73.6472
5007448,West Virginia,38.1236,-80.4068
5007491,Pennsylvania,41.4601,-77.3849
5007504,West Virginia,37.4304,-81.9928
5007507,West Virginia,38.0765,-81.9575
5007526,Pennsylvania,41.4373,-77.3829
usp0000vcp,New Jersey,41.075,-74.202
usp000g1gx,New York,41.337,-74.463
4766937,West Virginia,37.6488,-81.2447
4223486,West Virginia,38.0372,-80.535
4223560,West Virginia,38.0829,-80.5318
4225494,West Virginia,38.2843,-81.6398
4310968,New York,44.815,-74.5174
4369614,West Virginia,38.1,-81.9588
4813106,New Jersey,40.3363,-74.8459
4766981,West Virginia,37.8299,-82.1722
4808381,West Virginia,37.9163,-81.8719
4223538,West Virginia,38.2683,-81.5848
4223555,West Virginia,38.0507,-81.6735
4213040,West Virginia,37.1834,-81.7458
4820748,Pennsylvania,40.4679,-77.9086
4820582,West Virginia,38.0228,-81.4483
4374037,West Virginia,37.2325,-81.481
4820598,West Virginia,37.7063,-81.9856
5005221,West Virginia,37.8698,-81.2672
5005409,West Virginia,37.9725,-81.5057
usp0000vcq,New Jersey,41.076,-74.201
usp0000vkq,Pennsylvania,39.924,-76.264
usp0000w56,New York,44.523,-74.508
usp0000ww6,Pennsylvania,39.974,-76.514
4372556,West Virginia,38.0115,-81.4669
4372452,West Virginia,37.9668,-82.2182
4372580,West Virginia,37.8881,-81.2457
4372531,West Virginia,37.7492,-82.0499
4374361,West Virginia,37.76,-82.1337
5111751,Pennsylvania,40.1926,-80.9502
usp0000yn5,Vermont,44.819,-73.19
usp0000ynj,New Jersey,40.321,-74.264
4374090,West Virginia,37.4622,-81.6032
4488583,West Virginia,39.7674,-79.8218
4488652,West Virginia,37.8812,-81.2831
usp0000yz8,New Jersey,40.803,-74.809
usp00013xp,Kentucky,38.421,-82.881
5113619,West Virginia,37.9837,-81.6031
usp00014sp,New York,41.14,-73.69
4813091,West Virginia,37.7536,-82.0312
usp000151t,New York,41.309,-73.928
usp00015um,Pennsylvania,40.188,-75.157
usp00015yh,Pennsylvania,40.155,-75.103
4374455,West Virginia,37.2137,-81.5617
5115005,West Virginia,37.8339,-81.3595
4808558,West Virginia,37.5046,-82.0864
5006097,West Virginia,37.3274,-81.9191
4372512,West Virginia,37.7357,-82.051
5005367,West Virginia,37.9899,-82.1057
4815672,West Virginia,37.7587,-81.9953
5110275,West Virginia,37.5987,-82.3986
4820523,New Jersey,40.3232,-74.8893
4820574,West Virginia,37.7331,-82.0193
5110346,West Virginia,37.5664,-82.0309
4820847,West Virginia,37.234,-81.4919
usp0001h3y,Virginia,38.241,-79.09
usp0001yuv,New York,43.938,-74.258
4487878,West Virginia,37.5899,-82.3941
5115002,West Virginia,38.0717,-81.3565
5007462,Pennsylvania,40.4339,-78.506
4217775,West Virginia,37.459,-82.2314
4223528,West Virginia,37.9665,-81.3348
4372033,West Virginia,37.4432,-81.5171
4766657,West Virginia,38.0444,-81.5405
4371971,West Virginia,37.8015,-82.169
5006208,Pennsylvania,41.4611,-77.3782
4813013,Pennsylvania,41.4685,-77.365
4813056,West Virginia,38.0514,-81.524
4813068,New York,44.3247,-73.6186
4219251,West Virginia,37.4835,-82.1554
4223554,West Virginia,37.8608,-81.7804
usp00066h6,Pennsylvania,40.33,-76.037
usp00066hb,Pennsylvania,40.321,-76.007
usp00066s2,Pennsylvania,40.195,-76.226
usp0006c78,Pennsylvania,40.312,-76.039
usp0006crb,Pennsylvania,40.0,-76.2
4370051,West Virginia,37.7342,-82.0472
4310565,West Virginia,37.7466,-81.9334
4310566,West Virginia,37.8866,-81.3493
4225399,West Virginia,38.1144,-81.4019
4225406,West Virginia,37.8096,-81.7568
4225508,West Virginia,38.0416,-81.478
4223602,West Virginia,38.2585,-81.5994
4223630,West Virginia,38.3284,-81.0798
4369858,West Virginia,38.1987,-81.7544
4369291,West Virginia,38.0558,-81.6894
4369307,West Virginia,38.0622,-81.4464
4369313,West Virginia,37.4934,-82.4599
4369336,West Virginia,37.9447,-81.4923
4369361,West Virginia,38.0618,-81.3514
4371933,West Virginia,38.042,-81.4796
4372054,West Virginia,38.0051,-81.2542
4311114,West Virginia,38.0391,-81.7011
4311127,West Virginia,37.9737,-81.444
4488753,New York,43.3124,-73.6199
4766624,West Virginia,37.4266,-82.4476
4488758,West Virginia,38.069,-81.6888
4487855,Virginia,39.2891,-77.7965
4487909,West Virginia,38.0444,-81.353
4488015,New York,42.9982,-76.3634
4488045,New York,44.2941,-73.6236
4488072,West Virginia,37.9361,-81.5524
4812972,New York,44.3436,-74.1187
4766626,West Virginia,38.2085,-81.7606
4808397,West Virginia,37.5068,-82.1149
4374212,West Virginia,37.4494,-82.0935
4815584,West Virginia,37.2501,-81.4857
4813021,West Virginia,38.1118,-80.467
4813028,Virginia,39.889,-77.5182
4808376,New York,43.0003,-76.3457
4808380,West Virginia,37.9772,-81.4516
4212980,West Virginia,37.9031,-81.5188
4369378,West Virginia,37.8195,-82.157
5110442,Ohio,39.5945,-81.4009
4225515,West Virginia,38.4861,-80.5417
4311011,West Virginia,37.7292,-82.0493
4311100,West Virginia,37.5653,-82.3819
4225567,West Virginia,37.824,-81.4974
4488391,West Virginia,38.1102,-81.3622
4808583,New York,43.5329,-75.307
4372113,West Virginia,37.8479,-81.7709
4374074,West Virginia,38.0676,-81.715
5005312,West Virginia,38.1812,-81.8342
4374116,West Virginia,37.904,-81.2658
4599455,West Virginia,38.0845,-81.6908
4599469,West Virginia,38.0251,-81.6578
4372061,West Virginia,37.7645,-81.9778
4094911,West Virginia,37.6749,-82.5481
4599470,West Virginia,38.0886,-81.6829
ld60036003,Quebec,45.0135,-74.1998333
5111683,West Virginia,37.8041,-82.1037
4310550,West Virginia,37.8925,-81.7615
4599524,West Virginia,38.0732,-81.672
4599538,New York,42.5038,-73.8739
4310559,West Virginia,37.8681,-81.7739
4225377,West Virginia,37.7652,-82.0516
4310609,West Virginia,37.9291,-81.6053
4221054,West Virginia,37.9723,-81.3528
4225431,West Virginia,37.8882,-81.7575
4225538,West Virginia,37.7547,-82.0481
4599549,West Virginia,38.072,-81.3753
4217652,West Virginia,38.0683,-81.6708
4369911,West Virginia,37.2786,-81.7582
4767015,West Virginia,37.8313,-82.1416
5115020,West Virginia,37.9984,-81.3935
5153967,Pennsylvania,41.463,-77.3571
4820691,West Virginia,38.2137,-81.8148
4820784,New York,43.0171,-76.3632
4374405,Pennsylvania,41.4574,-77.3898
4374420,New Jersey,40.9683,-74.5673
4815657,West Virginia,37.7504,-81.9816
4310476,West Virginia,37.8738,-81.6288
4310562,West Virginia,37.7547,-82.0108
4369781,West Virginia,37.5163,-82.0801
4371761,West Virginia,37.3548,-81.4058
4371906,West Virginia,37.7369,-82.0957
4310444,West Virginia,38.1099,-81.9724
4310453,West Virginia,38.0617,-81.642
5005240,New York,43.3052,-73.6033
5005265,New York,43.0058,-76.3731
4638460,West Virginia,37.4554,-82.1201
4766652,Pennsylvania,40.8136,-78.4597
4488018,Pennsylvania,41.4701,-77.3819
5111698,West Virginia,38.0946,-81.3493
5111714,Pennsylvania,41.0013,-75.9051
4310381,West Virginia,37.7578,-82.2463
4310378,West Virginia,37.791,-82.0413
5111712,West Virginia,38.129,-80.4611
4310400,West Virginia,38.0882,-81.3798
5110414,West Virginia,38.0733,-81.6806
4310393,West Virginia,38.0702,-81.647
4213014,West Virginia,38.0909,-81.6788
4213038,West Virginia,37.742,-82.0255
4213775,West Virginia,37.729,-82.299
4214020,West Virginia,37.8661,-81.7613
4310396,West Virginia,39.2071,-79.4208
usp00017zn,New York,43.561,-75.231
4217809,West Virginia,38.0889,-81.6664
usp0001ap5,Virginia,38.176,-79.901
4374428,Pennsylvania,40.4762,-78.5399
4094636,West Virginia,37.791,-82.2837
4225274,West Virginia,38.0526,-81.6522
4767699,Pennsylvania,40.8938,-78.2597
4638533,West Virginia,38.0873,-81.6765
4218994,West Virginia,38.0163,-81.6948
4767771,New York,42.514,-73.8466
usp0001eh8,Quebec,45.108,-74.608
usp000gjf0,Pennsylvania,40.054,-76.967
usp0001ejz,Quebec,45.108,-74.61
usp0001kpb,New Jersey,40.024,-74.813
usp0001pbm,New York,43.209,-74.2
usp0001tbn,New York,41.554,-73.658
usp0001xr6,Kentucky,38.472,-82.772
usp0001yuw,New York,43.952,-74.258
usp0001yux,New York,43.952,-74.258
usp0001yxk,New York,43.952,-74.258
usp00020en,Pennsylvania,39.832,-75.66
usp00020pq,Quebec,45.22,-73.98
usp00021d2,Delaware,39.795,-75.524
usp00023nz,Pennsylvania,39.923,-76.316
usp00023tg,Pennsylvania,39.921,-76.355
usp00026jj,New York,44.91,-73.48
usp00028dt,New York,43.592,-73.937
4638535,West Virginia,38.1025,-80.4351
4813090,West Virginia,38.0889,-81.3656
4813114,New York,43.7601,-74.1234
5006090,New York,43.7505,-74.113
5006100,West Virginia,39.7583,-79.7784
5007456,West Virginia,37.7467,-82.031
4638527,West Virginia,37.7632,-82.1792
4638452,West Virginia,38.0608,-81.6582
4766677,West Virginia,38.011,-80.5202
4766764,Pennsylvania,40.2143,-80.984
4766773,New York,42.5064,-73.8551
4766832,West Virginia,38.0373,-81.4486
4487908,New York,43.7536,-74.1217
4812969,West Virginia,37.8242,-82.1916
4767891,West Virginia,39.7366,-79.8154
4808552,West Virginia,37.9926,-81.469
4815544,New York,42.9979,-76.0434
4815560,New York,42.9909,-76.3421
4815564,Maryland,39.7515,-76.1512
4815609,Pennsylvania,41.4706,-77.3571
4820576,Maryland,39.4781,-76.6706
4820577,West Virginia,38.0502,-81.6719
4213919,West Virginia,38.0069,-80.5389
4309549,West Virginia,37.7632,-82.1985
usp0002kxt,New York,40.98,-73.83
usp0002kzz,New York,40.99,-73.84
usp0002m9v,New York,42.988,-74.213
usp0002mcq,Quebec,45.29,-73.45
usp0002psa,New York,40.989,-73.833
usp0002saf,West Virginia,37.245,-80.494
usp0002t3q,New York,40.98,-73.834
usp0002ter,Pennsylvania,39.925,-76.293
usp000bvkj,New York,41.361,-74.37
usp0002x3n,Quebec,45.131,-74.246
usp0002x3p,Quebec,45.129,-74.233
usp0002x3v,Quebec,45.127,-74.244
usp00030be,New Jersey,40.956,-74.82
4820592,West Virginia,38.0716,-81.6811
4815705,West Virginia,37.7374,-81.9582
4372494,West Virginia,37.5709,-82.0522
4815774,Maryland,39.4705,-76.6481
4310297,West Virginia,37.7524,-82.0065
4310324,West Virginia,37.8277,-81.8089
4310350,West Virginia,37.8227,-81.9028
4310357,West Virginia,38.048,-81.7097
4310358,West Virginia,37.5608,-82.0623
usp00038r8,New York,44.375,-74.517
usp0003jta,New York,44.995,-74.955
usp000447m,Maryland,39.425,-76.881
usp0004j8f,Pennsylvania,41.953,-80.122
usp0004q85,New York,41.151,-73.653
usp0004qn8,West Virginia,37.941,-80.207
usp0004t2k,New York,42.63,-74.678
usp0004thc,West Virginia,38.276,-81.668
usp0004tt6,Quebec,45.232,-73.896
usp0004x5n,Maryland,39.564,-76.979
usp0004x6w,New Jersey,39.848,-75.031
usp0004yhu,New York,41.07,-73.578
usp00051k3,New Jersey,40.363,-74.341
usp00051u7,New York,41.239,-74.16
usp0005nqk,New Jersey,39.876,-74.942
usp0005sk4,Pennsylvania,40.35,-76.02
usp0005sk5,Pennsylvania,40.35,-76.02
usp0005t0y,Pennsylvania,40.35,-76.02
4310412,West Virginia,37.7491,-82.0175
4225334,West Virginia,37.7156,-82.0717
4225357,West Virginia,38.3667,-81.0065
4225366,West Virginia,37.7301,-82.0031
4225373,West Virginia,37.8534,-81.549
4369063,West Virginia,37.5723,-82.399
4369210,West Virginia,37.7298,-81.8319
4369212,West Virginia,38.0366,-81.4833
5005259,West Virginia,38.0576,-81.5197
5005253,New York,43.9393,-73.3569
4369066,West Virginia,38.0432,-81.6935
4369179,West Virginia,38.2429,-81.5831
4369180,West Virginia,38.1547,-81.8065
4369205,West Virginia,37.8665,-81.5346
4369275,West Virginia,37.9669,-81.4172
4369482,West Virginia,37.8483,-81.5198
4369566,West Virginia,37.894,-81.3065
4369578,West Virginia,38.2572,-81.6162
4369846,West Virginia,37.6079,-82.3821
4371872,West Virginia,38.0703,-81.4616
4371922,West Virginia,37.8965,-81.5819
usp0005xq1,Quebec,45.26,-74.12
usp00063sg,Quebec,45.182,-73.495
usp00066h5,Pennsylvania,40.327,-76.007
usp0006r0z,Pennsylvania,40.3,-76.0
usp0006rqp,West Virginia,37.05,-80.789
usp0006tqg,New York,44.233,-74.426
usp0006y0t,New York,42.995,-78.831
4371953,West Virginia,38.0444,-81.3484
4372160,Pennsylvania,40.3025,-80.9527
4372221,Pennsylvania,41.4832,-77.3316
4372233,New York,43.5902,-75.3455
4372252,West Virginia,37.7571,-81.9358
4374022,West Virginia,37.7917,-82.1717
4374242,West Virginia,37.9766,-81.347
4488366,West Virginia,37.599,-82.4297
5111649,West Virginia,38.0978,-81.4197
4488474,Pennsylvania,40.7184,-76.1652
4488638,New York,42.5218,-73.8559
4488684,West Virginia,37.9091,-81.3354
4488713,West Virginia,39.7006,-79.956
4488735,New York,42.5206,-73.8558
5110228,West Virginia,38.126,-82.0104
4488740,New York,43.4856,-73.4366
4488149,West Virginia,37.916,-81.2993
4488153,West Virginia,38.0188,-80.531
4599376,New York,43.0856,-73.8709
4599403,Pennsylvania,40.624,-76.4099
4599454,Pennsylvania,40.7928,-76.3088
4599473,Virginia,39.2426,-78.0882
4599508,West Virginia,38.0563,-81.6925
4372622,West Virginia,37.5755,-82.399
4372000,Pennsylvania,40.796,-76.6532
4599520,West Virginia,38.4815,-80.5765
5114944,Ohio,41.1513,-80.0135
usp00073rq,Quebec,45.08,-74.21
usp0007mf4,New York,44.453,-74.03
usp0007rjb,Pennsylvania,39.742,-76.054
usp000a31y,New York,42.762,-74.068
usp000a7vu,New York,40.777,-73.954
usp000a811,Ohio,41.877,-80.774
4638466,West Virginia,37.7355,-81.9786
4638476,West Virginia,38.197,-81.8019
4638478,West Virginia,39.8392,-79.9218
4638552,West Virginia,38.0704,-81.3388
4638564,West Virginia,37.9063,-81.3141
4767839,Pennsylvania,40.8293,-78.2637
4767842,West Virginia,38.0148,-80.5402
4766689,West Virginia,38.3354,-81.059
4766690,West Virginia,37.7586,-82.0698
4766765,West Virginia,38.0184,-81.7281
4766796,West Virginia,37.8012,-82.1511
4766860,West Virginia,39.9568,-79.3822
4766873,West Virginia,37.6922,-82.0694
4767042,Pennsylvania,40.187,-80.9705
4812917,Pennsylvania,40.801,-78.4394
4812961,West Virginia,38.0545,-81.6817
4371986,West Virginia,37.8213,-82.1408
5114989,New Jersey,40.3473,-74.9068
4808438,Pennsylvania,40.7316,-76.3021
4808444,West Virginia,37.8916,-81.7118
4808455,New York,43.5906,-75.3403
4808469,Pennsylvania,40.8493,-75.8065
4808488,West Virginia,39.8485,-79.911
4374158,West Virginia,37.8933,-81.5944
4808495,New York,42.9895,-75.1998
4808556,New York,42.5191,-73.8447
4808610,Pennsylvania,40.7108,-76.3114
4808623,West Virginia,38.0519,-81.4662
usp000a8dr,Ohio,41.942,-80.802
usp000ac4n,West Virginia,37.31,-80.812
usp000ag00,Ohio,41.905,-80.767
usp000b2u9,New York,44.504,-73.703
usp000b4x4,New York,44.504,-73.675
usp000b6wq,New York,44.499,-73.703
usp000bmdm,New York,44.56,-73.79
usp000buqg,New York,44.615,-74.34
usp000c2ph,Ohio,41.86,-80.76
usp000c5zy,New Jersey,40.606,-75.106
usp000c62z,New York,44.882,-73.73
usp000cq6p,New York,44.896,-74.912
usp000cqme,New Jersey,39.866,-75.063
usp000d3gd,New York,44.899,-74.893
usp000d6ca,New York,41.392,-74.0
usp000dhd7,Quebec,45.06,-74.2
4815540,New York,42.5164,-73.8544
4820586,New York,43.0032,-76.3528
4820608,West Virginia,38.1115,-80.4664
4820626,West Virginia,38.0233,-80.5346
4820642,West Virginia,38.0989,-81.6861
4820693,West Virginia,38.0573,-81.4704
4820823,New York,42.9914,-75.1891
4820834,New York,44.2954,-73.5922
4820841,West Virginia,37.6967,-82.0715
5006156,New York,42.9459,-77.6375
5111755,West Virginia,37.7533,-82.06
5006171,West Virginia,37.7449,-82.1334
5006179,New York,43.0165,-76.3612
5006222,West Virginia,37.4266,-82.2263
5006229,West Virginia,38.1371,-80.4589
5006232,Pennsylvania,40.7324,-76.1509
5006252,West Virginia,37.9744,-81.3585
5006260,West Virginia,38.1262,-80.4697
5006271,New York,43.5829,-75.3411
5006277,West Virginia,37.8461,-81.9123
usp000eeqn,Pennsylvania,40.266,-76.041
usp000ewg9,West Virginia,37.2,-81.92
usp000f05f,Pennsylvania,40.292,-76.037
usp000f1ma,Pennsylvania,41.733,-80.179
5005199,West Virginia,39.8416,-79.917
5005206,West Virginia,38.124,-81.6885
5005271,West Virginia,37.3353,-81.9612
5005278,Pennsylvania,40.0826,-79.2475
5005298,West Virginia,37.9032,-81.3004
5005319,New York,42.6546,-74.3117
5005378,Pennsylvania,40.7707,-76.3718
5005397,West Virginia,37.9781,-81.415
5005405,West Virginia,37.5844,-82.0801
5005452,New York,43.0113,-76.3594
5005493,Virginia,39.5131,-78.9936
5005512,Virginia,39.2497,-78.0853
5007469,West Virginia,37.8645,-81.2542
5007475,West Virginia,37.7901,-82.1076
4220914,West Virginia,37.5763,-82.3755
4225639,West Virginia,37.8638,-81.8778
4225709,New York,43.8432,-75.9451
4310817,Virginia,39.5962,-78.8887
4310896,West Virginia,38.0732,-81.7009
4374063,West Virginia,38.2792,-81.6194
4374310,New York,44.3674,-74.1484
4374431,Virginia,39.5182,-77.0394
4374466,New York,42.6368,-74.3189
4221064,West Virginia,37.5701,-82.4448
4310340,West Virginia,38.1304,-81.4062
4310362,West Virginia,38.2644,-81.5796
4820728,West Virginia,38.0481,-81.5315
4369348,West Virginia,37.3674,-81.498
4767713,West Virginia,37.9763,-81.3969
5115021,Pennsylvania,40.1688,-77.3757
4310814,West Virginia,37.8982,-81.2216
4369206,West Virginia,38.0136,-81.6754
4371977,West Virginia,37.9262,-81.3502
usp000f32v,New York,42.637,-78.796
usp000f6fp,New York,44.954,-73.84
4371980,West Virginia,38.0799,-81.6791
4488587,West Virginia,37.9324,-81.3084
4374188,New York,41.6275,-74.4942
4374169,West Virginia,37.8513,-81.5968
4374202,West Virginia,37.4176,-81.2977
5153940,New York,41.6029,-74.6254
5005202,New York,43.8631,-75.9632
4488462,New York,43.7471,-74.1067
4488100,New York,44.7805,-75.01
4309449,West Virginia,37.726,-82.0464
4220964,West Virginia,37.6598,-82.0155
4221020,West Virginia,37.7396,-81.7707
4638420,West Virginia,37.7609,-82.0475
4218973,West Virginia,37.2248,-81.7327
4218974,West Virginia,37.753,-82.3437
4219042,West Virginia,37.2645,-81.7362
4219161,West Virginia,37.8491,-81.8419
4219244,West Virginia,38.0785,-81.6692
4309456,West Virginia,38.0923,-81.6586
4309492,West Virginia,38.0047,-81.4256
4220926,West Virginia,37.6105,-82.4557
4599578,West Virginia,39.7428,-79.7493
4220924,West Virginia,37.8631,-81.7757
5110465,West Virginia,38.1286,-80.4896
4638351,New York,43.0069,-76.3628
4638383,New York,42.5283,-73.852
4638395,West Virginia,37.9303,-81.3435
4221131,West Virginia,37.8434,-81.7465
4221101,West Virginia,37.9965,-81.3481
4221159,West Virginia,38.0759,-81.9874
4223383,West Virginia,38.1228,-82.0242
4223366,West Virginia,37.1756,-81.5974
4223434,West Virginia,37.727,-82.0382
4310337,West Virginia,37.8617,-81.6628
4310338,West Virginia,37.9389,-81.3595
4310339,West Virginia,38.0621,-81.6578
4310372,Pennsylvania,41.4976,-77.3517
usp00000s4,New Jersey,39.718,-75.441
usp00002qn,New York,43.9,-74.412
usp00005q5,Virginia,38.917,-77.78
usp0000644,Pennsylvania,41.004,-75.955
usp00006jz,West Virginia,37.382,-80.419
usp00006p4,New York,41.571,-73.94
usp00008g9,West Virginia,39.095,-81.593
usp000f9db,New York,43.325,-76.966
4767828,West Virginia,37.8876,-81.2202
4766642,Pennsylvania,40.8347,-78.6593
4766653,New York,42.503,-73.852
4766810,New Jersey,40.3757,-74.6601
5005436,New York,44.0724,-75.8896
4767791,West Virginia,38.31,-80.9764
4767815,West Virginia,37.3927,-81.2833
4767822,New York,43.007,-76.355
4225359,West Virginia,37.8611,-81.759
4225376,West Virginia,37.8602,-81.7522
4767814,Virginia,39.512,-77.1912
4225580,West Virginia,38.1168,-81.3519
4225584,West Virginia,37.7252,-82.0389
5111789,New York,43.7411,-74.1111
5111796,West Virginia,38.1291,-80.4586
5111806,West Virginia,37.8865,-81.2449
4820677,West Virginia,37.976,-81.4071
4310620,West Virginia,37.7476,-82.0349
4766875,West Virginia,38.0582,-81.6609
4766948,Pennsylvania,41.4455,-77.4008
4766905,Pennsylvania,41.4608,-77.3542
4766963,New York,42.905,-74.1389
4310832,West Virginia,38.0778,-81.6676
4311132,West Virginia,37.9224,-81.3574
4225641,Ohio,40.0829,-81.0189
usp000fbyb,Vermont,43.706,-73.249
usp000fbzw,Pennsylvania,40.311,-76.03
usp000fgz1,New York,42.6,-74.12
usp000g1vf,Quebec,45.017,-75.58
usp000gj49,Quebec,45.223,-73.887
4225666,West Virginia,38.0981,-82.0248
4369085,West Virginia,37.848,-81.5219
4369068,West Virginia,37.8779,-82.1735
4369095,West Virginia,37.9399,-81.3525
4808365,New York,43.0254,-74.6929
4808402,West Virginia,38.0587,-81.6518
4808557,West Virginia,37.8771,-81.2298
4808403,Pennsylvania,41.4608,-77.3713
4808435,New York,42.9148,-74.1291
5005438,New York,42.9816,-75.1868
4372715,West Virginia,38.1088,-81.9927
4372719,Virginia,39.5475,-78.9344
4820833,New York,43.0204,-74.7073
4820838,West Virginia,38.0803,-81.6653
4310626,West Virginia,38.0827,-81.36
4219051,West Virginia,37.7502,-82.0936
4310586,West Virginia,38.019,-81.3928
4310594,West Virginia,38.0624,-81.6455
4225329,West Virginia,38.0899,-81.3776
4223445,West Virginia,37.7528,-82.0699
4808572,Virginia,39.2902,-77.7949
5110335,West Virginia,37.8452,-82.1089
4808609,New York,43.0241,-74.6937
4372022,West Virginia,39.7696,-79.802
4372162,West Virginia,37.8768,-81.5817
4808563,New York,43.2451,-74.2158
4372017,West Virginia,38.8248,-80.9404
5005413,West Virginia,38.0391,-81.4448
4225282,West Virginia,38.4764,-80.591
4374374,West Virginia,37.9987,-81.4161
4638493,Pennsylvania,40.4841,-77.8737
usp0000de4,New York,43.894,-74.636
4220886,West Virginia,37.9215,-81.9665
usp0000fdj,New Jersey,40.998,-74.371
5153926,New York,42.6501,-74.2898
5153932,New York,42.9962,-76.3421
5153942,New York,42.9913,-76.0534
5153952,New York,42.9983,-76.0506
5153956,New York,42.5517,-73.8642
5153957,New York,43.6394,-73.8189
4213942,West Virginia,37.5058,-82.1755
4214097,West Virginia,37.7556,-82.0993
4217587,West Virginia,37.2152,-81.6793
4217618,West Virginia,37.8092,-81.8087
4217670,West Virginia,37.3903,-82.2271
5005387,West Virginia,38.1141,-82.0543
5005422,West Virginia,38.1165,-82.0371
5153976,New York,43.1047,-73.8586
5153914,Pennsylvania,40.6732,-76.2443
4223529,West Virginia,37.649,-81.9099
4223604,West Virginia,37.956,-81.3413
4369409,Pennsylvania,40.1968,-80.9572
5006120,West Virginia,37.7423,-82.02
5006257,Pennsylvania,40.8153,-76.2636
4369411,West Virginia,37.8678,-82.1678
5110401,West Virginia,38.1164,-81.4357
4225328,West Virginia,37.8425,-81.8598
5005443,West Virginia,38.1951,-81.8214
4369755,West Virginia,38.0576,-81.6913
4225541,West Virginia,37.7408,-82.0585
5111671,West Virginia,37.3126,-82.2593
4808639,West Virginia,37.7388,-82.0212
4369904,West Virginia,38.0742,-81.6732
4369940,Pennsylvania,41.466,-77.3652
4219262,West Virginia,38.062,-81.6877
4221124,West Virginia,37.9142,-81.6356
4223352,West Virginia,37.7638,-82.0907
4372604,New York,42.9685,-75.1439
usp000gkjn,Pennsylvania,40.078,-76.963
usp000gkjr,Pennsylvania,40.092,-76.974
usp000gkjt,Pennsylvania,40.1,-77.009
usp000gkmj,Pennsylvania,40.09,-76.984
usp000gkvt,Pennsylvania,40.068,-76.962
usp000grke,Pennsylvania,40.114,-76.403
4371859,West Virginia,38.467,-80.5489
4371870,West Virginia,37.9097,-81.3554
4374069,Pennsylvania,41.4341,-77.3931
4225606,West Virginia,37.892,-81.5745
5110237,West Virginia,37.3032,-82.0687
4371964,West Virginia,38.0504,-81.3716
4310976,West Virginia,37.8643,-81.8862
4372002,Pennsylvania,40.6085,-79.0926
4374119,West Virginia,37.1885,-81.5805
4374129,Pennsylvania,41.4594,-77.36
4374247,Pennsylvania,41.4546,-77.3646
4374309,Pennsylvania,41.4676,-77.3785
4488505,West Virginia,38.0838,-81.4127
4488541,New York,43.3595,-73.5804
4488662,New York,44.2762,-73.6392
4488687,West Virginia,38.0122,-81.4459
4488738,New York,42.9158,-74.1278
4488114,Pennsylvania,41.1043,-78.3813
4488035,New York,42.5149,-73.86
4488124,West Virginia,38.0716,-81.6919
4488145,Pennsylvania,41.463,-77.3595
4488162,West Virginia,37.8452,-81.7205
4488164,West Virginia,38.0254,-81.4719
4599569,Pennsylvania,40.8008,-78.4617
4638571,New York,42.4962,-73.8838
4766991,New York,42.6456,-74.3447
5006274,Pennsylvania,41.4714,-77.3644
5006278,New York,43.0173,-75.7126
5005324,Pennsylvania,40.164,-80.9552
5007444,Virginia,39.5852,-78.9009
5111753,West Virginia,38.0612,-81.489
5111760,Pennsylvania,41.4487,-77.4066
5007460,West Virginia,38.1437,-81.8925
5007485,New York,44.0969,-75.4061
5007505,Pennsylvania,41.4655,-77.3796
usp000j2aw,Pennsylvania,40.083,-74.989
5115012,West Virginia,38.1187,-80.428
4374268,West Virginia,38.1389,-80.4718
5153902,New York,42.4957,-73.8537
5153906,New York,43.4364,-73.4907
5153913,Pennsylvania,41.4543,-77.3744
5153974,New York,43.7858,-76.1696
5153980,New York,42.5196,-73.8821
5153986,New York,42.9547,-75.4589
5006215,New York,42.928,-74.1086
5006235,West Virginia,38.0949,-81.6421
5114994,Pennsylvania,41.4637,-77.3686
4374434,West Virginia,37.4576,-82.0371
4488688,West Virginia,37.6113,-82.3794
4638575,West Virginia,37.3509,-81.4627
4815766,West Virginia,37.7561,-82.0194
4487956,West Virginia,37.6582,-81.2424
5007577,West Virginia,37.7332,-82.0084
5007603,New Jersey,40.3929,-74.6308
5007620,New York,42.9844,-75.188
5110277,West Virginia,38.0329,-81.3248
5110281,Pennsylvania,40.7638,-76.4982
5110287,West Virginia,37.5886,-82.43
5110316,West Virginia,37.4554,-82.1528
5110372,West Virginia,38.1156,-81.4099
5110409,West Virginia,37.7267,-82.1294
5109396,West Virginia,38.1171,-81.4132
5111626,Pennsylvania,40.8314,-76.089
5111670,West Virginia,37.7374,-82.0135
5111706,West Virginia,38.1357,-80.4666
5114987,Pennsylvania,40.1931,-80.9943
5114995,West Virginia,37.9653,-81.4602
5114997,West Virginia,37.7725,-81.9547
5115029,West Virginia,37.3933,-81.5924
5153945,New York,42.5158,-73.8543
5153948,New York,44.0689,-75.8733
se101313a,West Virginia,38.7011,-80.8242
4217680,West Virginia,37.4717,-82.0097
5153949,New York,43.4953,-73.4309
5153951,New York,42.1921,-73.8666
5153954,New York,42.9298,-74.9528
5153962,New York,44.4187,-74.1572
5153978,New York,43.3268,-73.5882
4217814,West Virginia,37.4682,-82.1146
4221021,West Virginia,37.6216,-82.3916
4309537,West Virginia,37.7302,-82.0742
4309543,West Virginia,37.9236,-81.6557
4220954,West Virginia,37.5559,-82.4352
4220991,West Virginia,37.2475,-81.5182
4221096,West Virginia,38.2168,-81.8077
4310375,West Virginia,38.4062,-81.028
4223474,West Virginia,37.8674,-81.3724
4223487,West Virginia,38.0627,-81.6846
5109414,West Virginia,37.9616,-81.41
4310601,West Virginia,38.2188,-81.6114
4310623,West Virginia,37.9088,-81.3166
4225583,West Virginia,37.8979,-81.7709
4225603,West Virginia,37.8694,-81.276
4225493,West Virginia,38.1695,-81.7479
4311146,West Virginia,37.7374,-82.0328
4310972,West Virginia,37.7396,-82.1067
4369787,West Virginia,38.113,-80.506
4369847,West Virginia,38.0981,-81.3723
4369855,West Virginia,38.0679,-81.6799
4369856,West Virginia,38.2521,-81.6279
4369857,West Virginia,37.7331,-82.1481
4369439,West Virginia,38.5094,-80.6281
4369471,West Virginia,38.0437,-81.4707
4225598,West Virginia,37.757,-82.1574
4372705,West Virginia,38.5259,-80.6093
4371790,West Virginia,37.891,-81.2697
4371829,West Virginia,37.8402,-81.8709
4638330,West Virginia,37.9061,-81.2951
5109392,West Virginia,37.7569,-81.9751
4369754,West Virginia,37.8373,-81.4864
4369756,West Virginia,37.7392,-82.0388
4371967,Pennsylvania,41.4661,-77.3645
4369216,West Virginia,38.0935,-81.9862
4488561,West Virginia,37.2569,-81.7825
usp000b3vs,Ohio,38.948,-81.889
4808501,West Virginia,38.0083,-80.5439
4820600,West Virginia,37.8952,-81.2603
ld60085446,Quebec,45.1545,-74.2278333
4372212,West Virginia,37.9097,-81.2826
4371840,West Virginia,37.7569,-81.9576
4374313,West Virginia,38.0216,-81.4711
4374375,New York,42.9925,-76.3408
4374417,West Virginia,37.922,-81.3372
4374439,West Virginia,37.9042,-81.2973
4488359,West Virginia,37.9038,-81.3463
4488479,West Virginia,38.0235,-81.3958
4374106,West Virginia,37.8013,-82.1259
4488494,West Virginia,37.8619,-81.8968
4488498,Pennsylvania,40.1702,-80.9682
4487953,West Virginia,38.1262,-81.4212
4599391,New York,42.6477,-74.3006
4599404,Pennsylvania,41.0863,-78.3496
4599550,New York,42.5072,-73.8618
4372636,West Virginia,37.8525,-81.7585
4488081,West Virginia,38.0975,-82.0431
4638439,Pennsylvania,41.4585,-77.3773
4638565,West Virginia,38.0153,-81.4237
5111716,Pennsylvania,40.7492,-76.4988
4638404,West Virginia,38.2522,-81.8621
4638446,West Virginia,37.9122,-81.2877
5006102,New York,43.5921,-75.3404
5006114,West Virginia,37.8711,-81.5694
5006139,Pennsylvania,40.9821,-75.9471
5006155,New York,42.9981,-76.0458
5006168,West Virginia,38.1032,-80.4586
5006174,West Virginia,37.7468,-82.0338
4820759,West Virginia,37.7895,-82.1298
4820768,New York,43.8588,-75.9485
4369954,West Virginia,37.751,-82.1274
4820786,New York,43.6323,-73.803
4213054,West Virginia,37.2243,-82.1368
4225320,West Virginia,37.7428,-82.0329
4213765,West Virginia,37.8023,-82.0164
4213882,West Virginia,37.3493,-82.149
4309448,West Virginia,38.0924,-81.6619
4369224,West Virginia,38.2458,-81.5925
4213931,West Virginia,38.054,-81.6542
5110447,West Virginia,37.7895,-82.1307
4638372,West Virginia,38.1119,-82.0142
4213954,West Virginia,37.8796,-81.6429
4309663,West Virginia,37.2354,-81.744
4808511,West Virginia,38.0648,-81.5097
4221086,West Virginia,37.6606,-82.5596
4310563,West Virginia,38.0884,-81.9769
5111721,Pennsylvania,40.2167,-80.9966
5110434,West Virginia,37.8206,-81.8599
4310577,West Virginia,38.0857,-81.9677
4225380,West Virginia,38.1157,-81.9782
4225419,West Virginia,38.114,-81.9582
4225452,West Virginia,37.8718,-81.8511
4225568,West Virginia,37.9364,-81.378
4225578,West Virginia,38.0504,-81.6596
4214742,West Virginia,38.6722,-82.21
5006224,New York,43.0033,-76.4011
5006225,New York,43.6428,-73.8208
5006233,New York,44.3552,-74.125
5006282,New York,42.5086,-73.8625
4371836,West Virginia,38.2549,-81.5717
4372417,West Virginia,37.7308,-82.0296
4225556,West Virginia,37.7352,-82.0866
5006285,West Virginia,38.0674,-81.4986
5005280,Pennsylvania,40.1698,-80.9656
5006206,Pennsylvania,40.8006,-76.1293
5006216,West Virginia,38.0437,-81.704
5005327,West Virginia,38.1203,-80.4495
5005357,New York,43.9561,-75.8359
4225596,West Virginia,38.3849,-81.0012
4212946,West Virginia,37.8912,-81.4724
4213028,West Virginia,37.7287,-82.0419
5109397,New York,42.4774,-73.8921
4223362,West Virginia,38.0538,-81.666
4223424,West Virginia,37.9164,-81.3583
4223466,West Virginia,38.0858,-81.3926
4225593,West Virginia,38.2771,-81.5998
4767824,West Virginia,38.4988,-80.5656
4310390,West Virginia,37.8174,-81.7797
4225401,West Virginia,37.8322,-81.4802
4225404,West Virginia,38.121,-81.965
4371751,Pennsylvania,41.1103,-78.3348
4371758,West Virginia,38.1188,-82.039
4813102,West Virginia,37.7511,-82.0461
4369790,West Virginia,39.7725,-79.7833
4369806,West Virginia,37.4134,-82.0147
4369854,West Virginia,38.0008,-81.4432
4820664,Pennsylvania,40.1796,-80.9342
4815794,Pennsylvania,40.2494,-75.7027
4820698,Pennsylvania,41.4693,-77.3721
4820762,West Virginia,38.0369,-81.495
4369869,West Virginia,38.7096,-80.8265
4369870,West Virginia,38.7099,-80.8314
4372702,West Virginia,38.8285,-80.9408
4369143,West Virginia,37.8447,-81.5673
4369182,Pennsylvania,40.2116,-80.9583
4369198,West Virginia,39.7695,-79.7921
4488497,Pennsylvania,40.6383,-78.1414
4369228,Pennsylvania,40.163,-80.9441
4310450,West Virginia,37.744,-82.0377
4212956,West Virginia,37.666,-82.1755
4212962,West Virginia,37.8134,-82.3088
4374388,West Virginia,37.8255,-82.1351
4371817,West Virginia,38.1152,-81.9661
4813095,West Virginia,37.8952,-81.5934
4372183,West Virginia,38.0021,-81.4393
4223478,West Virginia,37.7111,-82.0313
5109345,New York,42.5081,-73.8546
4488236,West Virginia,38.0733,-82.0011
4310987,West Virginia,37.7425,-82.0543
4311050,West Virginia,38.0226,-81.678
4311051,West Virginia,39.6929,-80.0512
4374373,New York,43.7442,-75.4441
4374430,Pennsylvania,41.478,-77.3833
4374469,Quebec,45.0867,-73.0972
4488341,Pennsylvania,41.4644,-77.3847
4488376,Pennsylvania,41.4537,-77.4048
5005482,West Virginia,37.4298,-82.0892
5006103,West Virginia,37.8787,-81.3867
5006110,New York,43.2765,-75.1154
5006124,New York,42.5148,-73.8408
4488387,Pennsylvania,41.4538,-77.4098
4310533,West Virginia,38.0409,-81.665
4488446,West Virginia,38.1574,-81.9813
4487924,West Virginia,37.411,-81.9797
4487928,West Virginia,38.1241,-81.9924
4212916,West Virginia,38.0963,-82.0283
4488017,West Virginia,37.7564,-82.1644
4488101,West Virginia,38.0918,-81.6627
4488110,Pennsylvania,41.457,-77.3775
4488020,Ohio,41.1279,-80.7118
4767725,West Virginia,38.4719,-80.5791
5005435,West Virginia,37.7866,-82.1184
5005264,Pennsylvania,40.5528,-76.8171
4599573,West Virginia,37.896,-81.2386
4599597,New York,43.7436,-74.0969
4638291,West Virginia,37.6543,-82.1294
5005460,West Virginia,37.8409,-82.1647
5005511,West Virginia,38.0871,-81.3597
4767864,West Virginia,37.7232,-82.0522
4638419,West Virginia,38.035,-81.6997
4638457,West Virginia,37.8008,-82.1275
4766637,Pennsylvania,40.6871,-78.4596
usp0006k6r,New York,43.744,-74.135
usp0006u2q,Pennsylvania,40.1,-76.4
4767720,Pennsylvania,41.4683,-77.3619
5110272,Pennsylvania,40.3976,-78.5318
4808423,New York,42.6489,-74.308
4808442,Pennsylvania,40.1875,-80.952
4808497,New York,43.64,-73.8222
4812995,West Virginia,37.7607,-81.9598
4808371,West Virginia,37.7211,-82.149
4808548,Virginia,39.8461,-77.0324
4217660,West Virginia,37.9997,-81.3764
4217664,West Virginia,38.1148,-81.6248
4213863,West Virginia,37.7036,-82.3898
4217585,West Virginia,37.463,-82.0132
5110288,West Virginia,38.0388,-81.6697
4217716,West Virginia,37.8499,-81.8245
4217749,West Virginia,38.0198,-81.44
5007549,West Virginia,37.8368,-81.7305
5007630,West Virginia,38.0986,-81.3731
5110285,West Virginia,37.7381,-82.0217
4223600,West Virginia,37.9549,-81.6244
4217744,West Virginia,37.7358,-82.1539
5110428,West Virginia,37.9946,-81.4222
5007490,Virginia,39.5417,-77.0557
5109405,New York,42.5135,-73.8611
4223610,West Virginia,38.0483,-81.4376
5111657,West Virginia,38.0681,-81.6772
5111658,West Virginia,38.1028,-81.4241
5111668,Pennsylvania,40.2407,-80.9564
5109408,West Virginia,37.8879,-81.6877
4309630,West Virginia,38.0487,-81.7178
4223441,West Virginia,37.9447,-81.578
4221066,West Virginia,37.7717,-82.0659
4225463,West Virginia,37.7331,-82.0091
4225491,West Virginia,37.4923,-82.1043
4369292,West Virginia,37.8425,-82.1422
4225279,West Virginia,38.0069,-81.3841
4310812,West Virginia,37.0077,-81.8689
4372034,West Virginia,38.1113,-81.9647
4372092,West Virginia,38.123,-81.9647
4372099,West Virginia,38.1393,-82.031
4372246,Quebec,45.1616,-73.6467
4374001,Pennsylvania,41.4673,-77.3723
4374049,West Virginia,38.0032,-81.436
5007535,New York,42.9118,-74.1227
5007604,New York,42.5469,-73.9086
5110310,West Virginia,39.8138,-79.9439
5110374,West Virginia,38.1035,-80.4839
5007500,Maryland,39.4712,-76.6641
4310359,West Virginia,37.8558,-82.2163
4815732,New York,44.2961,-73.5916
4815741,New York,44.7557,-74.464
4766809,Pennsylvania,41.4564,-77.3768
4225475,West Virginia,37.8273,-81.5443
4221062,West Virginia,37.7129,-82.108
4766797,West Virginia,37.9696,-81.4129
4766974,West Virginia,38.2922,-80.911
4766995,West Virginia,38.1398,-80.4698
5110437,Pennsylvania,41.4383,-77.3351
4217737,West Virginia,37.7009,-82.0801
4217766,West Virginia,37.7846,-82.166
5005246,West Virginia,38.1791,-81.8578
4767000,West Virginia,37.7417,-82.1348
4310973,West Virginia,38.1324,-82.0824
5005274,West Virginia,38.0589,-82.036
4225318,West Virginia,37.7414,-82.1113
4369765,West Virginia,37.8199,-82.1703
4815711,West Virginia,39.7141,-79.7219
4488756,Pennsylvania,41.4688,-77.3924
5111711,West Virginia,38.0948,-80.4497
4487885,West Virginia,38.0057,-81.4053
5113586,New York,42.511,-73.8576
5114929,West Virginia,38.0166,-81.4029
5114956,New York,42.5073,-73.8577
5115008,Pennsylvania,40.2153,-80.9707
5115017,New York,43.7356,-74.1273
4223612,West Virginia,37.23,-81.7388
5110303,West Virginia,38.076,-82.1266
5005207,West Virginia,37.9088,-81.5952
5005304,West Virginia,38.463,-80.646
5005382,West Virginia,37.8311,-81.8408
5007613,West Virginia,37.4294,-82.0334
5110236,West Virginia,37.8438,-82.1526
4310459,West Virginia,37.7924,-81.7145
4310425,West Virginia,38.0574,-81.6646
4310462,West Virginia,37.6187,-81.905
4310484,West Virginia,37.7519,-82.0573
4220875,West Virginia,38.1978,-81.5646
5115025,West Virginia,38.0978,-81.4266
5115027,Pennsylvania,40.2048,-80.9747
5111745,New York,43.0089,-76.361
4225667,West Virginia,37.2673,-81.6352
4310917,West Virginia,37.8807,-81.2604
4217715,West Virginia,38.0796,-81.6393
4225290,West Virginia,37.8504,-81.5872
4225507,West Virginia,37.7852,-81.9417
4369890,West Virginia,38.0244,-81.49
4309470,West Virginia,37.8162,-81.6237
4310427,West Virginia,37.876,-81.624
4310466,West Virginia,38.0741,-81.727
4225336,West Virginia,37.912,-81.5136
4225338,Pennsylvania,41.1175,-79.5654
4311065,West Virginia,38.0797,-81.6634
4311089,West Virginia,38.0233,-81.66
4369419,West Virginia,37.6086,-82.4114
4369438,Pennsylvania,40.1829,-80.9413
4369457,Pennsylvania,40.1786,-80.9431
4369479,West Virginia,37.8324,-81.5043
4369483,West Virginia,38.2182,-81.5819
4372004,Pennsylvania,40.3781,-78.7908
4310430,West Virginia,38.2494,-81.5977
4371834,Pennsylvania,40.1602,-80.9065
4310435,West Virginia,37.9671,-81.3412
4310471,West Virginia,37.7556,-82.1028
4310480,West Virginia,38.1142,-81.3838
4369607,Pennsylvania,41.4814,-77.3784
usp0008amt,Pennsylvania,40.146,-76.252
usp0008r6w,New York,44.735,-73.677
4225453,West Virginia,37.7411,-82.022
4225489,West Virginia,38.0586,-81.6523
4638417,Pennsylvania,41.4503,-77.3841
4369621,West Virginia,37.8608,-82.1334
4371997,West Virginia,37.755,-82.0317
4820752,West Virginia,39.8388,-79.9471
4820739,New York,44.7762,-74.9811
4310495,West Virginia,37.7738,-81.8155
4488046,West Virginia,37.7228,-82.0167
5110243,Virginia,39.5174,-78.9894
5110248,Maryland,39.7183,-76.1489
5110256,Pennsylvania,40.1755,-80.9634
4488383,New York,42.9852,-75.2045
4488447,Pennsylvania,40.8624,-78.2374
4374135,West Virginia,37.9047,-81.2899
4225635,West Virginia,37.7432,-82.0227
4225715,West Virginia,38.3799,-81.0155
4310865,West Virginia,37.8296,-81.8421
4310866,West Virginia,37.7347,-82.0135
4371895,Pennsylvania,40.875,-78.2142
4371955,Pennsylvania,40.8814,-78.2233
4813105,New York,44.7496,-74.4683
4813107,New York,42.5143,-73.8595
4808368,New York,42.511,-73.87
4372091,West Virginia,37.3503,-81.4477
4766909,West Virginia,38.0544,-81.9608
4813001,Pennsylvania,41.4555,-77.4061
4767694,Pennsylvania,41.4664,-77.3684
4767884,West Virginia,37.3443,-81.9282
4220925,West Virginia,38.0693,-81.667
4488183,West Virginia,37.4337,-82.4311
4225611,West Virginia,37.9074,-81.3235
4374215,West Virginia,37.1989,-81.5668
4638551,West Virginia,37.2173,-81.4604
4370044,Pennsylvania,40.8659,-78.2382
5109364,Pennsylvania,40.7689,-76.317
5109371,West Virginia,37.7199,-81.9274
5109379,Pennsylvania,40.6989,-76.2611
5111777,West Virginia,37.7862,-82.0448
5114925,West Virginia,38.0812,-81.7047
4370045,West Virginia,38.254,-81.5844
4372543,West Virginia,37.4271,-82.0583
4372575,West Virginia,37.7642,-81.7617
4372591,West Virginia,38.2553,-81.5807
4372706,West Virginia,37.8444,-81.8971
4488681,Virginia,39.5807,-78.8735
usp0001jf6,Pennsylvania,40.21,-79.05
usp0002ka4,New York,43.42,-73.541
5114950,Pennsylvania,40.7284,-76.1233
5114974,Pennsylvania,40.8039,-76.2548
5153924,New York,42.9133,-74.0898
4820731,West Virginia,38.1416,-80.4541
4820734,West Virginia,37.791,-82.0961
4371816,West Virginia,37.4989,-82.133
4371820,West Virginia,37.5982,-82.3929
4488184,West Virginia,38.0379,-81.3647
4767705,Pennsylvania,41.4587,-77.3684
4766696,West Virginia,37.7116,-81.9438
4767825,West Virginia,38.0239,-80.502
4766857,New York,42.511,-73.8862
4813002,West Virginia,38.0149,-80.5232
usp000fkzh,New York,44.323,-74.36
4372287,West Virginia,37.9036,-81.6153
4638504,West Virginia,37.4568,-82.4456
4225509,West Virginia,37.2549,-81.6232
4488558,New York,41.5979,-73.4505
4310959,West Virginia,38.4151,-80.5148
4488118,West Virginia,38.052,-81.695
4638298,West Virginia,37.7748,-82.074
4638385,Pennsylvania,40.8994,-78.2557
4638547,West Virginia,37.8564,-82.1448
5006166,West Virginia,38.0976,-81.9849
4225275,West Virginia,37.8144,-81.5398
4221051,West Virginia,37.8279,-81.7934
4223596,West Virginia,37.6259,-82.5056
4223598,West Virginia,38.4711,-80.5609
4223599,West Virginia,38.049,-81.6833
4766623,West Virginia,37.4369,-82.0287
4311024,West Virginia,37.1923,-81.602
4225281,West Virginia,37.889,-81.5532
4225471,West Virginia,38.2417,-81.5835
4225487,West Virginia,37.6151,-81.9529
4225465,West Virginia,37.7521,-81.8393
4213059,West Virginia,37.6942,-82.1009
4820654,West Virginia,38.0962,-81.3603
5111764,West Virginia,38.0945,-82.0695
4310529,West Virginia,38.0775,-81.6352
4310557,West Virginia,37.8627,-81.5466
4369148,West Virginia,38.0851,-81.9903
4369191,West Virginia,38.1081,-82.0286
5005287,New York,44.2916,-73.5902
5005292,Pennsylvania,41.0783,-78.4162
5111719,Virginia,39.5192,-78.9737
4808636,West Virginia,39.718,-79.7061
4820590,Pennsylvania,40.461,-77.9123
4220889,West Virginia,37.8206,-81.9943
4820705,West Virginia,37.2714,-81.9683
usp000jyg3,New York,44.493,-74.066
ld60032203,Quebec,45.1088,-74.0078
5006159,New York,43.0043,-76.0495
5007511,New York,43.3051,-73.6058
4225610,West Virginia,37.6725,-82.509
5007536,New York,43.0096,-76.3423
5007545,New York,42.5192,-73.8638
5007564,West Virginia,38.0586,-81.6822
5109407,West Virginia,37.8311,-82.0832
5114978,West Virginia,38.1486,-80.4653
4219219,West Virginia,38.0107,-81.2964
5110377,West Virginia,38.0462,-81.3212
5110392,Pennsylvania,40.4204,-78.5926
5110400,West Virginia,37.8975,-81.26
4488459,West Virginia,38.1213,-81.3253
ld60064701,New York,44.7115,-73.873
ld60034308,Ohio,41.0103333,-80.5433333
4219110,West Virginia,37.6858,-82.0634
4310392,West Virginia,38.4767,-80.5862
4310493,West Virginia,37.6629,-82.5712
4310500,West Virginia,37.7911,-81.774
4225403,West Virginia,37.7421,-82.0317
4311103,West Virginia,37.8408,-81.5166
4372640,West Virginia,37.7422,-81.7724
4225293,West Virginia,37.7479,-81.9225
4225339,West Virginia,38.4818,-80.5738
4225342,West Virginia,37.7672,-82.0407
4225372,West Virginia,37.8216,-81.7537
4225374,West Virginia,38.0855,-81.3844
ld60086416,New York,43.6691667,-74.0811667
ld60041403,New York,44.7678333,-74.5895
ld60041708,New York,44.4508333,-74.824
se60004308,Virginia,37.1195,-80.9853333
usp00091qc,New York,42.73,-77.85
usp000cc1v,Pennsylvania,40.251,-75.877
4372686,West Virginia,37.7582,-82.0482
4372641,West Virginia,37.4751,-82.1093
4372699,West Virginia,37.7507,-81.9874
ld60059656,New York,41.007,-73.6993
ld60074201,New Jersey,41.0883333,-74.2823333
4225618,West Virginia,37.9265,-81.2822
4372569,West Virginia,37.474,-82.1245
4488514,New York,43.2812,-75.1449
4488146,West Virginia,37.7376,-82.0274
4369251,West Virginia,38.0254,-81.6674
4369238,West Virginia,37.4129,-81.2464
4369274,West Virginia,38.2045,-81.5873
4766884,Pennsylvania,41.4671,-77.3508
4766899,New York,43.3044,-73.5926
4309511,West Virginia,38.0446,-81.6737
4309582,West Virginia,37.7239,-82.0587
4309515,West Virginia,38.0736,-81.6343
4766951,Pennsylvania,40.1954,-80.9603
usp0000eu9,West Virginia,39.683,-78.17
usp0000t83,New York,41.352,-74.146
usp0000ukh,New Jersey,41.022,-74.335
4310454,West Virginia,37.7425,-82.1238
4309566,West Virginia,37.6988,-81.9889
4220856,West Virginia,37.4488,-82.425
4213045,West Virginia,37.2843,-81.6558
4212970,West Virginia,37.971,-81.4594
4219060,West Virginia,38.0863,-80.4689
4219092,West Virginia,37.727,-82.0337
4219100,West Virginia,38.0615,-81.6272
4310515,Pennsylvania,40.1843,-80.2491
4223668,West Virginia,37.4264,-82.0664
4310323,West Virginia,38.0333,-81.3964
5153928,New York,42.5197,-73.8582
4223363,West Virginia,37.7831,-82.1181
4223372,West Virginia,38.1184,-81.6854
4223451,West Virginia,38.0459,-81.7129
4223454,West Virginia,37.91,-81.3825
4370001,West Virginia,37.4071,-81.9866
4310501,West Virginia,38.1165,-82.0387
4310308,West Virginia,37.9979,-81.4193
5109382,West Virginia,37.3011,-81.8687
5111690,Pennsylvania,40.1761,-80.6025
4310514,West Virginia,37.8504,-81.8018
4310520,West Virginia,37.7152,-82.1013
4310546,West Virginia,37.8028,-81.5647
4371837,West Virginia,38.0176,-81.4644
4310558,West Virginia,38.3303,-81.0611
4369527,West Virginia,37.8793,-81.614
4369592,West Virginia,38.2004,-81.6073
4310497,West Virginia,37.9575,-81.3195
4372435,Pennsylvania,40.2251,-79.3527
4374260,West Virginia,37.6759,-82.1346
4374224,Pennsylvania,40.0941,-79.2731
ld60039203,New York,42.577,-79.0606667
4372523,West Virginia,37.9017,-81.6507
4372687,West Virginia,37.7625,-81.9259
4812988,New York,42.4942,-73.8793
4812996,West Virginia,37.2395,-81.4443
4808545,West Virginia,37.7337,-82.0497
4808549,New York,44.3694,-74.1286
4808630,Pennsylvania,40.1383,-80.9429
4808638,New York,42.5018,-73.8077
4815558,New York,42.9137,-74.1243
4815562,New York,43.108,-73.8629
4815773,New York,43.1052,-73.8561
4820552,New York,43.6437,-73.8103
4815639,West Virginia,39.7459,-79.7587
4820632,Pennsylvania,41.4677,-77.3799
4808483,West Virginia,37.8689,-81.6801
4808587,West Virginia,37.3293,-81.9375
4223488,West Virginia,37.7617,-82.1772
4223515,West Virginia,38.278,-81.6006
4223523,West Virginia,38.3474,-81.1078
4223534,West Virginia,37.8742,-81.7062
4223557,West Virginia,38.0585,-81.6548
4223580,West Virginia,38.0696,-81.6514
4487941,Pennsylvania,41.4749,-77.3679
4488204,Pennsylvania,41.4563,-77.3553
4369248,Ohio,39.0175,-82.3212
4820755,Virginia,39.2736,-77.8056
4220912,West Virginia,37.8621,-81.887
4221103,West Virginia,37.8229,-81.7835
4223312,West Virginia,37.7631,-82.0004
5109400,West Virginia,37.3535,-81.5257
5111680,West Virginia,38.1428,-80.4808
5114921,West Virginia,38.0445,-81.5596
4311041,West Virginia,38.242,-81.5706
4219162,West Virginia,38.1043,-81.8739
4219196,West Virginia,37.7373,-82.2364
4223649,West Virginia,38.3481,-81.0627
4223654,West Virginia,37.8792,-81.3145
4223671,West Virginia,37.7559,-82.2574
4310292,West Virginia,37.8177,-81.7448
4310293,West Virginia,37.9821,-81.4342
4225375,West Virginia,37.9721,-81.3687
4225387,West Virginia,37.913,-81.5979
4225429,West Virginia,38.4778,-80.5931
4225446,West Virginia,38.037,-81.6805
4225537,West Virginia,38.2469,-81.6088
5005243,West Virginia,37.7449,-82.0602
4310991,West Virginia,38.0278,-81.7286
4374244,West Virginia,38.0381,-81.4413
4369627,West Virginia,38.0404,-81.4797
4374281,New York,43.8603,-75.959
4369240,West Virginia,37.2264,-81.79
4371966,West Virginia,37.3439,-81.427
4488339,New York,43.5884,-75.343
5007476,Pennsylvania,40.4763,-78.9038
4766990,West Virginia,39.8449,-79.9427
4767008,West Virginia,38.0206,-81.4454
4812920,West Virginia,39.2166,-80.2029
4812963,Virginia,39.8162,-77.2338
5005341,West Virginia,38.1019,-81.3865
usp000gdb5,New Jersey,40.582,-75.086
4812959,West Virginia,37.8595,-81.6324
usp000fgz6,New York,42.604,-74.119
usp000fjdd,Quebec,44.27,-76.48
usp000fpbd,Ohio,41.99,-80.6
usp000fubs,New York,42.787,-78.205
usp000g0z6,New York,43.03,-78.571
usp000g1gm,New York,41.336,-74.452
5109378,Pennsylvania,41.4636,-77.3452
5111774,New York,42.5354,-73.8013
4813014,Pennsylvania,40.7894,-78.4417
usp000gxw4,New York,42.828,-78.248
usp000grwk,Pennsylvania,40.107,-77.003
usp000gt45,New York,43.255,-78.723
usp000gtz4,New Jersey,40.948,-74.392
usp000gu4z,New York,42.57,-74.103
usp000gu5q,New York,42.572,-74.101
usp000gu7q,New York,42.573,-74.096
usp000guat,New York,42.574,-74.095
usp000gv9z,New York,42.634,-74.115
4815551,Pennsylvania,40.7318,-76.0968
4815591,New York,42.9856,-75.1895
4815633,Pennsylvania,40.872,-78.2725
4820517,New York,43.0059,-76.4146
4820543,New York,42.5209,-73.8635
4820585,Virginia,39.25,-78.0872
5111763,West Virginia,38.0645,-81.5033
5005372,West Virginia,38.0552,-81.4888
5007513,Pennsylvania,41.4817,-77.3558
4808618,New York,44.0636,-75.8842
usp000hn29,New York,44.241,-73.538
usp000hc1v,West Virginia,38.686,-80.815
usp000hc2p,West Virginia,38.647,-80.872
usp000hc39,West Virginia,38.722,-80.803
usp000hcfs,West Virginia,38.623,-80.911
usp000hdhe,New York,44.794,-74.629
usp000hdhp,Pennsylvania,40.086,-76.974
usp000hdna,New Jersey,40.42,-74.31
4815632,Pennsylvania,40.5452,-79.072
4815645,West Virginia,37.8937,-81.2832
4815619,Pennsylvania,40.7688,-79.7286
4815660,New York,44.0226,-75.6724
4808550,West Virginia,38.0169,-80.5445
4815745,New York,42.5082,-73.8629
4815762,New York,44.0594,-75.8822
4815637,West Virginia,37.2483,-81.4738
usp000j389,New York,44.52,-74.277
usp000j47r,Pennsylvania,40.092,-74.979
usp000j6z7,New York,44.703,-74.382
usp000j6zc,New York,44.702,-74.392
usp000j70d,West Virginia,37.916,-80.215
usp000j70r,New York,42.683,-74.091
usp000j71b,New York,42.688,-74.094
usp000j71v,New York,42.681,-74.094
usp000j74e,New York,42.687,-74.091
usp000j7ae,Ohio,39.4,-81.27
usp000jvz9,New Jersey,39.789,-75.016
usp000jgbk,West Virginia,38.234,-81.748
ld60023903,New York,43.0795,-74.1
usp000j8rd,Ohio,41.135,-80.685
usp000j9mc,Ohio,41.125,-80.704
usp000jb6u,New York,44.78,-74.62
usp000jck1,Ohio,41.11,-80.69
usp000jcwa,Ohio,41.122,-80.684
usp000jd5a,New York,44.942,-74.663
usp000jdvu,New York,43.555,-74.05
usp000jndf,New York,44.308,-75.923
4820701,West Virginia,37.9714,-81.394
4820753,West Virginia,37.5878,-82.0707
4815700,New York,42.9874,-75.18
4820682,West Virginia,37.882,-81.2689
4815702,New York,43.5783,-75.3438
ld60026203,New York,44.7482,-74.9807
ld60029103,New York,43.3038,-75.0882
se033113a,West Virginia,38.645,-80.8332
ld60025313,New York,44.0688,-76.0213
4487970,Pennsylvania,41.4467,-77.3844
ld60070801,New Jersey,39.8185,-75.0058333
ld60064006,New York,42.693,-74.0896667
ld60064231,Pennsylvania,41.4815,-80.3641667
ld60064321,Quebec,43.64,-78.3958333
ld60034403,Ohio,41.0088333,-80.555
ld60034408,Ohio,41.0096667,-80.53
ld60065316,Ohio,41.009,-80.5316667
ld60034503,Ohio,41.0025,-80.5336667
5006101,Quebec,45.1875,-73.6607
5006158,Maryland,39.4216,-76.2437
5006181,Pennsylvania,41.4571,-77.4006
5006202,Pennsylvania,40.8075,-78.5401
5006218,New Jersey,40.957,-74.5325
5006250,West Virginia,38.1411,-82.0749
5006251,West Virginia,39.7178,-79.7247
5006265,New York,43.0356,-74.707
5006142,West Virginia,37.3263,-81.9165
5006106,Pennsylvania,40.173,-80.9394
5006125,Pennsylvania,41.088,-78.2998
5006149,West Virginia,37.8446,-81.3658
5006197,New York,42.9611,-75.4762
5006186,Pennsylvania,40.9082,-79.7063
5005389,New York,43.0316,-74.7098
5005392,New York,43.1573,-78.3593
5005425,West Virginia,38.1049,-81.9259
5005459,New York,42.8535,-76.7805
5005470,New York,43.7431,-75.4198
5005498,Pennsylvania,41.4567,-77.4065
5005509,New York,42.9205,-74.1337
5005331,West Virginia,38.0437,-81.5174
5005375,New York,43.1109,-73.8509
5005377,New York,42.5004,-73.8583
5005404,West Virginia,38.1163,-81.3605
5005496,West Virginia,37.991,-81.3894
5005502,West Virginia,37.8362,-81.2905
5005433,Pennsylvania,40.2037,-76.9915
5111752,West Virginia,38.3158,-81.1459
5111782,Pennsylvania,41.403,-77.5697
5113617,Pennsylvania,41.4376,-77.412
5114946,Virginia,38.8281,-79.7296
5114955,West Virginia,37.7114,-82.3657
5111781,West Virginia,38.0715,-81.5702
5114968,New Jersey,40.9616,-74.545
5115007,New York,42.4868,-73.8713
5115009,New York,42.9287,-74.1317
5111737,West Virginia,37.8819,-81.2178
5111749,Pennsylvania,41.4639,-77.3709
5111794,Pennsylvania,41.4155,-75.5505
5113592,Pennsylvania,41.466,-77.3629
5114958,West Virginia,37.8007,-82.0377
5114922,Ohio,39.4289,-81.4101
5113609,West Virginia,37.2042,-81.8189
5153934,Quebec,45.1986,-73.7691
5153935,New York,42.9379,-74.1107
5153937,New York,41.6394,-74.5383
5153939,Pennsylvania,41.402,-77.4948
5153955,Quebec,45.1803,-73.6498
5153960,Quebec,45.2936,-73.4152
5153963,New York,42.7809,-73.5647
5153965,Pennsylvania,40.7191,-76.4854
5153943,New York,43.0709,-76.4046
4599478,West Virginia,38.1153,-81.9822
4599525,Pennsylvania,40.4609,-77.8738
4599545,West Virginia,39.7599,-79.7564
4217707,West Virginia,38.1605,-80.3346
4488258,New York,42.5448,-74.2016
4309661,West Virginia,37.9388,-81.629
4220852,Ohio,39.0471,-82.1694
4310424,West Virginia,38.1126,-81.9846
4310465,West Virginia,37.8504,-81.1308
4310616,West Virginia,37.8628,-81.7361
4225324,West Virginia,38.1033,-81.9891
4225539,West Virginia,38.4179,-81.0025
4225546,West Virginia,38.0869,-81.9685
4225552,West Virginia,38.052,-81.6341
4225555,West Virginia,37.6826,-82.5286
4369522,Ohio,40.0801,-81.0216
4310492,West Virginia,38.0935,-81.9879
4225292,West Virginia,38.0901,-82.0078
4311020,West Virginia,38.1517,-82.0304
4371838,West Virginia,37.4125,-81.96
4371915,Pennsylvania,40.1531,-80.9257
4371948,West Virginia,38.0931,-81.9493
4374121,West Virginia,38.1088,-82.0771
4374271,Pennsylvania,41.4556,-77.3942
4488495,West Virginia,38.105,-81.9827
4488570,West Virginia,38.1026,-81.9608
4488712,West Virginia,39.7341,-79.739
usp0000dh6,West Virginia,37.193,-80.839
usp0001zwk,Pennsylvania,39.832,-75.66
usp0008ndg,Virginia,38.758,-78.423
4488111,Pennsylvania,40.8727,-76.096
4638405,West Virginia,38.1046,-81.9929
4638442,West Virginia,38.0895,-82.0076
4638495,Pennsylvania,41.4405,-77.4068
4638522,Pennsylvania,41.4521,-77.4039
4638561,Pennsylvania,40.22,-80.5558
4638576,Pennsylvania,41.4542,-77.3782
4766747,West Virginia,38.1326,-81.9694
4766760,West Virginia,37.9763,-81.4013
4638514,West Virginia,38.1105,-82.001
usp0008pma,New York,44.75,-73.72
usp000dp28,New Jersey,40.885,-74.069
usp000jd61,New York,44.934,-74.63
ld60039503,New York,44.0916667,-76.0248333
4766664,Ohio,41.021,-80.541
4766836,Pennsylvania,40.4015,-78.5015
4766848,Pennsylvania,41.4489,-77.3885
4812922,Quebec,45.0299,-73.0634
4813067,New York,44.7696,-74.9912
4813077,New York,43.7477,-75.433
4813079,Pennsylvania,41.4505,-77.3949
4808382,Pennsylvania,41.4304,-77.4369
4808425,Pennsylvania,41.44,-77.4124
4808429,West Virginia,38.0824,-81.6279
4808546,West Virginia,38.0988,-82.0313
4808562,New York,41.634,-74.5111
4808619,New York,43.0839,-74.5531
4815537,New York,42.9238,-74.1319
4815549,West Virginia,38.0872,-82.0278
4815566,Maryland,39.5625,-76.5334
4815636,West Virginia,38.0828,-81.9803
4815654,New York,44.7777,-74.9795
4815661,New York,42.9263,-74.1375
4815663,Pennsylvania,41.4608,-77.3912
4815747,Pennsylvania,40.2958,-80.6809
4820536,New York,42.9501,-74.1358
4820584,West Virginia,37.4678,-80.321
4820588,New Jersey,40.9623,-74.5317
4820589,New York,41.6295,-74.5213
4820604,New York,44.7766,-74.9764
4820661,New Jersey,40.3751,-74.9142
4820675,West Virginia,37.4076,-81.9959
4820791,West Virginia,38.0609,-81.4572
4820836,Pennsylvania,41.459,-77.3823
5006088,Virginia,39.5781,-78.7711
5005200,West Virginia,39.7284,-79.7333
5006091,West Virginia,38.1023,-81.9894
5005239,West Virginia,38.0874,-82.012
5007565,New York,44.7625,-74.9816
5110342,West Virginia,38.2145,-81.8966
5110439,West Virginia,38.1335,-82.0435
5110473,New York,43.7488,-75.4302
5109399,Pennsylvania,41.4042,-77.3647
5109411,New York,42.9292,-74.1438
5111717,Virginia,39.6689,-78.1495
5153905,New York,42.7744,-73.5569
5153920,Pennsylvania,41.4521,-77.4022
5153921,Quebec,45.3009,-73.6572
5153975,Quebec,45.1806,-73.6552
5153979,New York,42.9258,-74.1561
5110385,West Virginia,38.1097,-81.9744
5006116,West Virginia,37.753,-82.0335
5006203,West Virginia,37.4272,-82.0363
5005418,West Virginia,37.7516,-81.9977
4369820,West Virginia,37.686,-82.0538
5110466,West Virginia,37.7915,-82.1332
5109395,Pennsylvania,40.8796,-75.8267
4371760,West Virginia,37.9911,-81.3912
4371767,West Virginia,38.0222,-81.4621
4371831,Pennsylvania,40.7294,-76.0261
4813104,New York,43.5916,-75.3407
usp00029g6,Quebec,45.19,-75.05
usp0002bdu,New York,40.993,-73.828
usp0002fqj,West Virginia,37.248,-80.485
usp0002kxs,New York,40.99,-73.82
usp000gwa7,New York,44.377,-73.795
usp000gwg6,Pennsylvania,40.073,-77.002
usp000gwh8,Pennsylvania,40.085,-76.998
usp000gwhm,Pennsylvania,40.064,-77.027
usp000gwj0,Ohio,38.81,-82.27
usp000gwq2,Pennsylvania,40.073,-77.013
usp000gx0h,Pennsylvania,40.088,-77.001
usp000gx8n,New York,42.571,-74.112
usp000gx8v,New York,42.567,-74.109
5110444,West Virginia,37.8667,-81.8386
5109401,West Virginia,38.0345,-81.497
5110313,Pennsylvania,40.1671,-80.9521
5110375,West Virginia,37.9496,-81.3663
5110460,Pennsylvania,41.4521,-77.3709
5110483,Pennsylvania,41.0997,-78.367
5109389,New York,43.7508,-74.1109
5111627,New York,42.4991,-73.8542
